time,bse,apps1,apps2,brake_micro,accelerator_micro,steer_angle,front_break_pressure,rear_break_pressure,front_left_wheel_speed,front_right_wheel_speed,rear_left_wheel_speed,rear_right_wheel_speed,front_left_suspension_travel,front_right_suspension_travel,rear_left_suspension_travel,rear_right_suspension_travel,front_left_tire_temp_1,front_left_tire_temp_2,front_left_tire_temp_3,front_left_tire_temp_4,front_right_tire_temp_1,front_right_tire_temp_2,front_right_tire_temp_3,front_right_tire_temp_4,rear_left_tire_temp_1,rear_left_tire_temp_2,rear_left_tire_temp_3,rear_left_tire_temp_4,rear_right_tire_temp_1,rear_right_tire_temp_2,rear_right_tire_temp_3,rear_right_tire_temp_4
1697352764.75,0.07,0.4,0.4,0,1,100,0.3,0.3,0.1,211.6,492.9,207.4,47.4,44.6,43.7,41.9,36,31.8,33.8,40.8,30,30.2,33.4,33,30,30,30,30,30,30,30,30
1697352764.85,0.06,0.37,0.37,0,1,100,1.2,1.2,0.1,219.6,529.4,211.9,48,44.5,43.7,42,36,31.8,33.8,40.8,30,30.2,33.4,33,30,30,30,30,30,30,30,30
1697352764.95,0.06,0.33,0.32,0,1,99,0.6,0.6,0.1,221,278.3,216.1,47.8,44.9,43.6,42,36.4,32.4,34,40.6,30,30.2,34,33.4,30,30,30,30,30,30,30,30
1697352765.05,0.06,0.33,0.32,0,1,99,0.6,0.6,0.1,221,278.3,216.1,47.8,44.9,43.6,42,36.4,32.4,34,40.6,30,30.2,34,33.4,30,30,30,30,30,30,30,30
1697352765.15,0.06,0.33,0.32,0,1,99,0.6,0.6,0.1,221,2855.2,218.6,47.8,44.9,43.8,41.9,36.4,32.4,34,40.6,30,30.2,34,33.4,30,30,30,30,30,30,30,30
1697352765.25,0.06,0.26,0.26,0,1,98,0.6,0.6,0.1,228.8,782.4,221.5,46.6,44.6,43.7,41.9,36.4,31.6,34.4,40.6,30,30.4,34.2,33.8,30,30,30,30,30,30,30,30
1697352765.35,0.06,0.29,0.29,0,1,97,0.9,0.9,0.1,228.7,583.9,227.6,46.8,44.1,43.5,42.4,36.4,31.6,34.4,40.6,30,30.4,34.2,33.8,30,30,30,30,30,30,30,30
1697352765.45,0.06,0.3,0.3,0,1,97,0.6,0.6,0.1,233.9,537.4,229.6,48.5,44.6,43.7,41.7,36.4,31.6,34.4,40.6,30,30.4,34.2,33.8,30,30,30,30,30,30,30,30
1697352765.55,0.06,0.32,0.32,0,1,97,0.9,0.9,0.1,237.3,537.4,229.6,47.8,44.1,43.7,41.7,37,31.2,33.8,40.6,30,30.4,34.2,33.8,30,30,30,30,30,30,30,30
1697352765.65,0.06,0.32,0.32,0,1,97,0.9,0.9,0.1,237.3,551.8,236.8,47.8,44.1,43.8,41.6,37,31.2,33.8,40.6,30,30.4,34.2,33.8,30,30,30,30,30,30,30,30
1697352765.75,0.06,0.35,0.35,0,1,97,0.3,0.3,0.1,246.4,-1169.6,243.6,48,45.1,43.7,41.5,36.4,30.4,33.2,40.4,30,30.4,34.2,33.6,30,30,30,30,30,30,30,30
1697352765.85,0.07,0.35,0.35,0,1,97,1.8,1.8,0.1,250.7,624.8,248.5,48.6,44.2,43.9,41.6,36.4,30.4,33.2,40.4,30,30.4,34.2,33.6,30,30,30,30,30,30,30,30
1697352765.95,0.06,0.35,0.35,0,1,97,0.9,0.9,0.1,699.2,624.8,248.5,48.5,44.8,43.9,41.6,36,30,32.4,40,30,30.2,34,33.6,30,30,30,30,30,30,30,30
1697352766.05,0.06,0.35,0.35,0,1,97,0.9,0.9,0.1,258.4,632.9,252.2,49.4,43.8,43.7,41.3,36,30,32.4,40,30,30.2,34,33.6,30,30,30,30,30,30,30,30
1697352766.15,0.06,0.35,0.35,0,1,97,0.9,0.9,0.1,258.4,632.9,252.2,49.4,43.8,43.7,41.3,36,30,32.4,40,30,30.2,34,33.6,30,30,30,30,30,30,30,30
1697352766.25,0.05,0.34,0.34,0,1,97,0.3,0.3,0.1,269.6,333.4,261.9,48.7,44.6,43.7,41.5,35.8,30,32.6,40.4,30,30.2,33.8,33.6,30,30,30,30,30,30,30,30
1697352766.35,0.06,0.34,0.34,0,1,97,0.9,0.9,0.1,271.3,339.4,266,48.6,43.8,43.7,41.6,35.8,30,32.6,40.4,30,30.2,33.8,33.6,30,30,30,30,30,30,30,30
1697352766.45,0.06,0.35,0.34,0,1,97,0.3,0.3,0.1,270.2,232.5,266.7,48.6,45.3,43.8,41.4,35.2,30,32.6,40,30,30.2,33.6,33.2,30,30,30,30,30,30,30,30
1697352766.55,0.06,0.31,0.31,0,1,96,0.3,0.3,0.1,270.2,684.4,267.5,48.6,45.3,43.5,41.7,35.2,30,32.6,40,30,30.2,33.6,33.2,30,30,30,30,30,30,30,30
1697352766.65,0.06,0.31,0.31,0,1,96,0.3,0.3,0.1,270.2,684.4,267.5,48.6,45.3,43.5,41.7,35.2,30,32.6,40,30,30.2,33.6,33.2,30,30,30,30,30,30,30,30
1697352766.75,0.06,0.27,0.27,0,1,106,0.6,0.6,0.1,268.6,397,269.8,46.7,45.7,43.4,41.9,35,30,35.4,40,30,31,33.4,32.6,30,30,30,30,30,30,30,30
1697352766.85,0.06,0.28,0.28,0,1,108,1.2,1.2,0.1,271.1,836.7,268,45.7,45.5,43.3,41.9,35,30,35.4,40,30,31,33.4,32.6,30,30,30,30,30,30,30,30
1697352766.95,0.06,0.27,0.26,0,1,110,0.6,0.6,0.1,271.8,267.9,273.3,45.1,45.9,43.3,41.9,35.2,30,40,40.4,30,32.2,33.4,32.2,30,30,30,30,30,30,30,30
1697352767.05,0.05,0.21,0.2,0,1,111,0.6,0.6,0.1,271.8,770.3,274.4,45.1,45.9,43.3,42,35.2,30,40,40.4,30,32.2,33.4,32.2,30,30,30,30,30,30,30,30
1697352767.15,0.05,0.21,0.2,0,1,111,0.6,0.6,0.1,271.8,770.3,274.4,45.1,45.9,43.3,42,35.2,30,40,40.4,30,32.2,33.4,32.2,30,30,30,30,30,30,30,30
1697352767.25,0.05,0.21,0.2,0,1,111,0.6,0.6,0.1,271.8,731.9,271.9,45.1,45.9,43.3,42.1,35.2,30,40,40.4,30,32.2,33.4,32.2,30,30,30,30,30,30,30,30
1697352767.35,0.05,0,0,0,0,113,0,0,0.1,269.1,401.2,266.6,44.1,44.9,43.3,42.4,35,30.6,40.4,40.4,30,32.6,33.4,32,30,30,30,30,30,30,30,30
1697352767.45,0.06,0.03,0.03,0,0,116,0,0,0.1,263,2358.6,258,43.8,45,43.3,42.4,35,30.6,40.4,40.4,30,32.6,33.4,32,30,30,30,30,30,30,30,30
1697352767.55,0.05,0.1,0.1,0,1,122,0,0,0.1,255.4,-1529.4,253,42.5,44.9,43,42.6,35.2,30.8,40.6,40.6,30,32.6,33.2,31.6,30,30,30,30,30,30,30,30
1697352767.65,0.06,0.11,0.11,0,1,122,0.3,0.3,0.1,246.6,-1529.4,253,42.4,48.3,43,42.6,35.2,30.8,40.6,40.6,30,32.6,33.2,31.6,30,30,30,30,30,30,30,30
1697352767.75,0.06,0.11,0.11,0,1,122,0.3,0.3,0.1,246.6,-1529.4,253,42.4,48.3,43,42.6,35.2,30.8,40.6,40.6,30,32.6,33.2,31.6,30,30,30,30,30,30,30,30
1697352767.85,0.05,0.04,0.04,0,1,123,0,0,0.1,242,768.4,235.6,40.8,49.2,42.5,43.2,35.4,31.2,40.4,40.4,30,32.6,33,31.4,30,30,30,30,30,30,30,30
1697352767.95,0.05,0.04,0.04,0,1,123,0,0,0.1,226.5,427.1,218.3,41.1,51,42.5,43.7,35.4,33.4,40.2,40.4,31.4,32.6,33.2,30.6,30,30,30,30,30,30,30,30
1697352768.05,0.05,0.09,0.1,0,1,123,0,0,0.1,222.2,427.1,218.3,39,50.7,42.5,43.7,35.4,33.4,40.2,40.4,31.4,32.6,33.2,30.6,30,30,30,30,30,30,30,30
1697352768.15,0.05,0.09,0.1,0,1,123,0,0,0.1,222.2,483.6,224.6,39,50.7,42.3,43.9,35.4,33.4,40.2,40.4,31.4,32.6,33.2,30.6,30,30,30,30,30,30,30,30
1697352768.25,0.05,0.09,0.1,0,1,123,0,0,0.1,222.2,483.6,224.6,39,50.7,42.3,43.9,35.4,33.4,40.2,40.4,31.4,32.6,33.2,30.6,30,30,30,30,30,30,30,30
1697352768.35,0.05,0.38,0.38,0,1,123,0,0,0.1,232.2,779.7,225.2,40,50.8,42.3,43.9,35.6,34,42,39.2,31.2,32.4,31,30,30,30,30,30,30,30,30,30
1697352768.45,0.04,0.42,0.42,0,1,123,0,0,0.1,240.2,436.9,236.1,40.3,52.1,42.3,43.7,35.8,33.6,41.4,39.4,31,32.2,32,30,30,30,30,30,30,30,30,30
1697352768.55,0.06,0.44,0.44,0,1,123,0,0,0.1,246.6,796.6,245.4,40.8,51.5,42.3,43.4,35.8,33.6,41.4,39.4,31,32.2,32,30,30,30,30,30,30,30,30,30
1697352768.65,0.04,0.47,0.48,0,1,123,0.9,0.9,0.1,256.2,814.3,254.8,41.3,51.9,42.4,43.4,36,33.4,41,40.6,31.2,32.4,33,30,30,30,30,30,30,30,30,30
1697352768.75,0.04,0.47,0.48,0,1,123,0.9,0.9,0.1,256.2,814.3,254.8,41.3,51.9,42.4,43.4,36,33.4,41,40.6,31.2,32.4,33,30,30,30,30,30,30,30,30,30
1697352768.85,0.04,0.44,0.44,0,1,120,0.6,0.6,0.1,274.6,301.3,271.8,42.1,50.4,42.3,43.3,36,33.4,41,40.6,31.2,32.4,33,30,30,30,30,30,30,30,30,30
1697352768.95,0.04,0.42,0.41,0,1,120,0.6,0.6,0.1,282.5,300.9,282.9,43.1,49.7,42.2,43.1,35.6,33.6,40.6,41,31.2,32.6,33.2,31,30,30,30,30,30,30,30,30
1697352769.05,0.06,0.42,0.42,0,1,120,0,0,0.1,453.2,471.9,290.1,43.1,50.3,42.3,42.9,35.6,33.6,40.6,41,31.2,32.6,33.2,31,30,30,30,30,30,30,30,30
1697352769.15,0.05,0.42,0.42,0,1,120,0,0,0.1,453.2,878.7,296.1,43.1,50.3,42.3,42.8,35.6,33.6,40.6,41,31.2,32.6,33.2,31,30,30,30,30,30,30,30,30
1697352769.25,0.05,0.42,0.42,0,1,120,0.6,0.6,0.1,298.6,878.7,296.1,42.8,50.3,42.3,42.8,35.4,33.2,40.4,41,31,33,33.4,32,30,30,30,30,30,30,30,30
1697352769.35,0.05,0.42,0.42,0,1,120,0.6,0.6,0.1,298.6,878.7,296.1,42.8,50.3,42.3,42.8,35.4,33.2,40.4,41,31,33,33.4,32,30,30,30,30,30,30,30,30
1697352769.45,0.04,0.4,0.4,0,1,120,0.3,0.3,0.1,317.6,882,325.7,43.2,48.2,42.5,42.5,35.4,33.2,40.4,41,31,33,33.4,32,30,30,30,30,30,30,30,30
1697352769.55,0.06,0.38,0.38,0,1,120,0.9,0.9,0.1,325.8,1275.8,331.3,44.6,47.3,42.6,42.3,35.4,33.4,40.6,41,30.8,33.2,33.6,32.4,30,30,30,30,30,30,30,30
1697352769.65,0.04,0.34,0.33,0,1,120,0,0,0.1,334.6,917.5,339.4,44.8,46.5,42.7,42.2,35.4,33.4,40.6,41,30.8,33.2,33.6,32.4,30,30,30,30,30,30,30,30
1697352769.75,0.04,0.34,0.33,0,1,120,0,0,0.1,340.1,917.5,339.4,45.1,45.4,42.7,42.2,35.2,33.4,40.6,40.4,30,33,33.6,33.2,30,30,30,30,30,30,30,30
1697352769.85,0.04,0.34,0.33,0,1,120,0,0,0.1,340.1,516.1,346.7,45.1,45.4,42.7,41.8,35.2,33.4,40.6,40.4,30,33,33.6,33.2,30,30,30,30,30,30,30,30
1697352769.95,0.04,0.15,0.15,0,1,120,0,0,0.1,553.9,509.4,347.9,45.1,45.9,42.8,41.9,35.8,33.2,40.4,40.4,30,32.8,33.8,33.4,30,30,30,30,30,30,30,30
1697352770.05,0.04,0.23,0.22,0,1,119,0.9,0.9,0.1,344.7,-2887.5,345.2,45.6,44,42.9,41.9,35.8,33.2,40.4,40.4,30,32.8,33.8,33.4,30,30,30,30,30,30,30,30
1697352770.15,0.04,0.17,0.16,0,1,119,0.6,0.6,0.1,353.2,-2887.5,345.2,46.4,44.5,42.9,41.9,35.8,33.2,40.4,40.4,30,32.8,33.8,33.4,30,30,30,30,30,30,30,30
1697352770.25,0.04,0,0,0,0,119,0,0,0.1,349.4,323.2,353.5,46.9,43.5,43.1,41.8,35.4,32.6,40.6,40.4,30,32.6,34.4,33.4,30,30,30,30,30,30,30,30
1697352770.35,0.04,0,0,0,0,119,0,0,0.1,349.4,323.2,353.5,46.9,43.5,43.1,41.8,35.4,32.6,40.6,40.4,30,32.6,34.4,33.4,30,30,30,30,30,30,30,30
1697352770.45,0.04,0,0,0,0,119,0.6,0.6,0.1,349,873.7,351.1,46.8,42,43.7,41.8,35.6,32.2,39,40.4,30,32.6,34.2,33.4,30,30,30,30,30,30,30,30
1697352770.55,0.04,0,0,0,0,119,0,0,0.1,347.5,298.5,346.4,46.9,42.3,44,41.5,35.6,32.2,39,40.4,30,32.6,34.2,33.4,30,30,30,30,30,30,30,30
1697352770.65,0.04,0,0,0,0,116,0.6,0.6,0.1,342.3,296,339.3,47.1,41,44.1,41.5,35.6,32.2,39,40.4,30,32.6,34.2,33.4,30,30,30,30,30,30,30,30
1697352770.75,0.04,0,0,0,0,108,0.3,0.3,0.1,345.5,289.9,340.3,48.5,41.6,44.2,41.5,35.4,30.6,37.6,40.4,30,32,34.2,33.4,30,30,30,30,30,30,30,30
1697352770.85,0.04,0,0,0,0,108,0.3,0.3,0.1,345.5,289.9,340.3,48.5,41.6,44.2,41.5,35.4,30.6,37.6,40.4,30,32,34.2,33.4,30,30,30,30,30,30,30,30
1697352770.95,0.04,0,0,0,0,107,0.3,0.3,0.1,333.1,278.2,331,49,40.3,44.4,41.5,34.2,30,36,40.2,30,31.4,34.4,33.2,30,30,30,30,30,30,30,30
1697352771.05,0.04,0,0,0,0,106,0.3,0.3,0.1,330,271.2,324.9,48.7,40.5,44.4,41.5,34.2,30,36,40.2,30,31.4,34.4,33.2,30,30,30,30,30,30,30,30
1697352771.15,0.04,0,0,0,0,106,0,0,0.1,328.6,265,320.8,48.7,40.4,44.4,41.5,34.4,30,34.4,40.2,30,31.2,34.4,33.2,30,30,30,30,30,30,30,30
1697352771.25,0.04,0,0,0,0,106,0,0,0.1,328.6,265.9,319.7,48.7,40.4,44.5,41.5,34.4,30,34.4,40.2,30,31.2,34.4,33.2,30,30,30,30,30,30,30,30
1697352771.35,0.04,0,0,0,0,106,0,0,0.1,328.6,265.9,319.7,48.7,40.4,44.5,41.5,34.4,30,34.4,40.2,30,31.2,34.4,33.2,30,30,30,30,30,30,30,30
1697352771.45,0.04,0,0,0,0,106,0,0,0.1,328.6,276.8,313.3,48.7,40.4,44.4,41.5,34.4,30,34.4,40.2,30,31.2,34.4,33.2,30,30,30,30,30,30,30,30
1697352771.55,0.05,0.16,0.16,0,1,106,1.8,1.8,0.1,316,440.4,309.2,48.8,42.9,44.2,41.4,34.8,30,35,40.2,30,31,34.2,33.2,30,30,30,30,30,30,30,30
1697352771.65,0.04,0.18,0.18,0,1,106,0.6,0.6,0.1,309.1,800.1,309.5,48.1,43.1,44.1,41.6,34.8,30,35,40.2,30,31,34.2,33.2,30,30,30,30,30,30,30,30
1697352771.75,0.04,0.18,0.18,0,1,106,0.6,0.6,0.1,310.7,933.5,309.2,48.3,43.5,43.8,41.8,34.6,30,38,40.4,30,31,34,33.2,30,30,30,30,30,30,30,30
1697352771.85,0.04,0.18,0.18,0,1,106,0.6,0.6,0.1,306.4,933.5,309.2,47.4,43,43.8,41.8,34.6,30,38,40.4,30,31,34,33.2,30,30,30,30,30,30,30,30
1697352771.95,0.04,0.18,0.18,0,1,106,0.6,0.6,0.1,306.4,843.4,296.6,47.4,43,43.1,42.3,34.6,30,38,40.4,30,31,34,33.2,30,30,30,30,30,30,30,30
1697352772.05,0.04,0.36,0.37,0,1,112,0,0,0.1,295.3,318,301.2,42.2,47.5,42.6,42.4,34.8,30,39.6,40.4,30,32.4,33.6,33,30,30,30,30,30,30,30,30
1697352772.15,0.04,0.34,0.35,0,1,113,0.3,0.3,0.1,299.2,933.7,305.7,42.6,49.8,42.5,42.4,34.8,30,39.6,40.4,30,32.4,33.6,33,30,30,30,30,30,30,30,30
1697352772.25,0.04,0.37,0.36,0,1,113,0.6,0.6,0.1,299.9,933.7,305.7,42,49.3,42.5,42.4,34.6,30.2,40.4,40.4,30.4,33.2,34,32.4,30,30,30,30,30,30,30,30
1697352772.35,0.04,0.32,0.32,0,1,113,0,0,0.1,301.7,959.4,304.6,42,51.1,42.4,42.6,34.6,30.2,40.4,40.4,30.4,33.2,34,32.4,30,30,30,30,30,30,30,30
1697352772.45,0.04,0.32,0.32,0,1,113,0,0,0.1,301.7,959.4,304.6,42,51.1,42.4,42.6,34.6,30.2,40.4,40.4,30.4,33.2,34,32.4,30,30,30,30,30,30,30,30
1697352772.55,0.03,0.35,0.36,0,1,114,0.3,0.3,0.1,299.4,531.2,301.4,40.9,51.8,42.1,43.3,34.8,31.6,40.4,40.8,32,33.4,34.2,32.2,30,30,30,30,30,30,30,30
1697352772.65,0.04,0.4,0.4,0,1,114,0.6,0.6,0.1,303.5,531.2,301.4,40.8,52.4,42.1,43.3,34.8,31.6,40.4,40.8,32,33.4,34.2,32.2,30,30,30,30,30,30,30,30
1697352772.75,0.04,0.42,0.42,0,1,114,0.3,0.3,0.1,313.5,357,312.7,40.7,52.8,42.1,43.4,34.8,31.8,40.4,40.6,32.4,33.4,34,31.6,30,30,30,30,30,30,30,30
1697352772.85,0.03,0.44,0.45,0,1,114,0,0,0.1,315.8,568.7,321,40.9,52.6,42,43.4,34.8,31.8,40.4,40.6,32.4,33.4,34,31.6,30,30,30,30,30,30,30,30
1697352772.95,0.03,0.44,0.45,0,1,114,0,0,0.1,315.8,568.7,321,40.9,52.6,42,43.4,34.8,31.8,40.4,40.6,32.4,33.4,34,31.6,30,30,30,30,30,30,30,30
1697352773.05,0.03,0.3,0.3,0,1,110,0.3,0.3,0.1,343.9,564.8,343.5,42.4,51.2,42.2,43.3,35.6,32.4,40.4,40.6,32.6,33.4,34,31.4,30,30,30,30,30,30,30,30
1697352773.15,0.03,0.29,0.29,0,1,110,0.6,0.6,0.1,351,556.5,348.5,42.4,49.1,42.2,43,45.6,33,40.4,40.4,32.4,33.4,34,32.6,30,30,30,30,30,30,30,30
1697352773.25,0.02,0.4,0.4,0,1,110,0,0,0.1,363.8,1042.4,361.9,44.6,46.9,42.5,42.6,45.6,33,40.4,40.4,32.4,33.4,34,32.6,30,30,30,30,30,30,30,30
1697352773.35,0.02,0.4,0.4,0,1,110,0,0,0.1,363.8,537.5,377.9,44.6,46.9,42.8,41.7,45.6,33,40.4,40.4,32.4,33.4,34,32.6,30,30,30,30,30,30,30,30
1697352773.45,0.02,0.41,0.4,0,1,110,1.2,1.2,0.1,382.4,537.5,377.9,47.4,45.6,42.8,41.7,45.6,33,40.4,40.4,32.4,33.4,34,32.6,30,30,30,30,30,30,30,30
1697352773.55,0.02,0.41,0.4,0,1,110,1.2,1.2,0.1,382.4,578.6,383.6,47.4,45.6,42.9,41.6,45.6,33,40.4,40.4,32.4,33.4,34,32.6,30,30,30,30,30,30,30,30
1697352773.65,0.03,0.35,0.34,0,1,110,0.6,0.6,0.1,387.3,1091.6,389.4,47.2,45.1,43,41.8,37.4,32.4,40.4,40.2,31,33.2,34,33.4,30,30,30,30,30,30,30,30
1697352773.75,0.03,0.3,0.3,0,1,110,0.6,0.6,0.1,392.2,1080.3,396.1,46.6,45.3,43.1,41.7,34.6,30.2,40,40.2,30,33,34,33.2,30,30,30,30,30,30,30,30
1697352773.85,0.03,0.27,0.27,0,1,110,0,0,0.1,392,578.9,395.9,46.9,44.9,43.2,41.7,34.6,30.2,40,40.2,30,33,34,33.2,30,30,30,30,30,30,30,30
1697352773.95,0.04,0.26,0.26,0,1,110,0,0,0.1,399.7,578.9,395.9,47,44.6,43.2,41.7,34.6,31,40.2,40.2,30,33,34,33.2,30,30,30,30,30,30,30,30
1697352774.05,0.04,0.26,0.26,0,1,110,0,0,0.1,399.7,-2611,398.9,47,44.6,43.1,41.8,34.6,31,40.2,40.2,30,33,34,33.2,30,30,30,30,30,30,30,30
1697352774.15,0.03,0.26,0.26,0,1,111,0.3,0.3,0.1,397.4,1148.9,397.1,46,44.9,42.9,41.8,34.6,31,40.2,40.2,30,33,34,33.2,30,30,30,30,30,30,30,30
1697352774.25,0.03,0.36,0.37,0,1,115,0.3,0.3,0.1,398.5,624,405,45.2,45,42.8,41.7,35,31.4,40.4,40.4,30,33.2,33.6,33,30,30,30,30,30,30,30,30
1697352774.35,0.04,0.37,0.37,0,1,115,0,0,0.1,402.6,624,405,45.2,46.1,42.8,41.7,35,31.4,40.4,40.4,30,33.2,33.6,33,30,30,30,30,30,30,30,30
1697352774.45,0.03,0.35,0.35,0,1,115,0.9,0.9,0.1,410.1,602,412.6,45.3,46.2,42.9,41.9,35,32.4,40.6,40.4,30,33.2,33.6,32.8,30,30,30,30,30,30,30,30
1697352774.55,0.03,0.35,0.35,0,1,115,0.9,0.9,0.1,410.1,602,412.6,45.3,46.2,42.9,41.9,35,32.4,40.6,40.4,30,33.2,33.6,32.8,30,30,30,30,30,30,30,30
1697352774.65,0.03,0.34,0.34,0,1,117,0.6,0.6,0.1,419.5,602,412.6,44.5,45.7,42.9,41.9,35,32.4,40.6,40.4,30,33.2,33.6,32.8,30,30,30,30,30,30,30,30
1697352774.75,0.03,0.35,0.35,0,1,119,0,0,0.1,424,602,412.6,43.5,46.6,42.9,41.9,35,32.4,40.4,40.4,30,33.4,33.6,33,30,30,30,30,30,30,30,30
1697352774.85,0.03,0.27,0.28,0,1,120,0,0,0.1,421.5,670.4,425.4,43.3,48.2,42.7,42.1,35,32.4,40.4,40.4,30,33.4,33.6,33,30,30,30,30,30,30,30,30
1697352774.95,0.02,0.23,0.23,0,1,120,0,0,0.1,422.8,1209.6,428.2,42.4,47.1,42.6,42.2,35.4,33.4,40.4,40.4,30.4,33.4,34,33.2,30,30,30,30,30,30,30,30
1697352775.05,0.02,0.23,0.23,0,1,120,0,0,0.1,422.8,1209.6,428.2,42.4,47.1,42.6,42.2,35.4,33.4,40.4,40.4,30.4,33.4,34,33.2,30,30,30,30,30,30,30,30
1697352775.15,0.02,0.23,0.23,0,1,120,0,0,0.1,422.8,1209.6,428.2,42.4,47.1,42.6,42.2,35.4,33.4,40.4,40.4,30.4,33.4,34,33.2,30,30,30,30,30,30,30,30
1697352775.25,0.02,0.23,0.23,0,1,120,0,0,0.1,435.8,1285.4,439.5,43.2,46.9,42.6,42.2,35,33.4,40.6,41,30.6,33.4,34.2,33.4,30,30,30,30,30,30,30,30
1697352775.35,0.03,0.31,0.3,0,1,121,0.3,0.3,0.1,445.5,693.8,443.5,43.2,46.5,42.6,42.2,35,33.4,40.6,41,30.6,33.4,34.2,33.4,30,30,30,30,30,30,30,30
1697352775.45,0.03,0.31,0.3,0,1,121,0.3,0.3,0.1,445.5,695.6,444.2,43.2,46.5,42.7,42.2,35,33.4,40.6,41,30.6,33.4,34.2,33.4,30,30,30,30,30,30,30,30
1697352775.55,0.03,0.32,0.32,0,1,121,0.6,0.6,0.1,446.9,1269,450,43.6,46.3,42.7,42.2,35.8,32.8,40.8,41.4,30.8,33.6,34.4,34,30,30,30,30,30,30,30,30
1697352775.65,0.03,0.32,0.32,0,1,121,0.6,0.6,0.1,449,1269,450,43.5,47.1,42.7,42.2,35.8,32.8,40.8,41.4,30.8,33.6,34.4,34,30,30,30,30,30,30,30,30
1697352775.75,0.03,0.32,0.32,0,1,121,0.6,0.6,0.1,449,1269,450,43.5,47.1,42.7,42.2,35.8,32.8,40.8,41.4,30.8,33.6,34.4,34,30,30,30,30,30,30,30,30
1697352775.85,0.03,0.32,0.32,0,1,121,0.6,0.6,0.1,449,1295.9,460,43.5,47.1,42.6,42.6,35.8,32.8,40.8,41.4,30.8,33.6,34.4,34,30,30,30,30,30,30,30,30
1697352775.95,0.03,0.3,0.3,0,1,121,0.9,0.9,0.1,453.6,463.7,462.9,44.3,46.8,42.7,42.3,36,31.6,41,41.6,30.8,33.4,34.6,34,30,30,30,30,30,30,30,30
1697352776.05,0.03,0.3,0.3,0,1,122,0.3,0.3,0.1,463.7,1337.1,468.5,43.4,46.6,42.7,42.3,35.4,31.8,41,41.6,31,33.4,34.6,33.6,30,30,30,30,30,30,30,30
1697352776.15,0.03,0.3,0.3,0,1,125,0.6,0.6,0.1,465.4,2497.5,473.8,44.1,46.9,42.3,42.4,35.4,31.8,41,41.6,31,33.4,34.6,33.6,30,30,30,30,30,30,30,30
1697352776.25,0.03,0.3,0.3,0,1,125,0,0,0.1,471.4,2497.5,473.8,43.4,47.4,42.3,42.4,35.2,32.2,41,41.6,31.4,33.8,34.4,34,30,30,30,30,30,30,30,30
1697352776.35,0.03,0.3,0.3,0,1,125,0,0,0.1,471.4,1351.5,478.1,43.4,47.4,42.6,42.3,35.2,32.2,41,41.6,31.4,33.8,34.4,34,30,30,30,30,30,30,30,30
1697352776.45,0.04,0.26,0.26,0,1,126,0.6,0.6,0.1,477.5,1351.5,478.1,43.3,46.9,42.6,42.3,35.8,32,41,41.8,31.4,34,34.4,34.2,30,30,30,30,30,30,30,30
1697352776.55,0.02,0.26,0.26,0,1,126,0.6,0.6,0.1,479.6,744.9,478.7,43.2,46.3,42.6,42,35.8,32,41,41.8,31.4,34,34.4,34.2,30,30,30,30,30,30,30,30
1697352776.65,0.02,0.26,0.26,0,1,125,0.3,0.3,0.1,481.7,744.9,478.7,43.6,46.6,42.6,42,35.8,32,41,41.8,31.4,34,34.4,34.2,30,30,30,30,30,30,30,30
1697352776.75,0.02,0.26,0.26,0,1,125,0,0,0.1,484,1370.5,482.1,44.1,47.6,42.7,42.3,36,31.8,41,41.6,31.2,34.2,35.2,34,30,30,30,30,30,30,30,30
1697352776.85,0.02,0.26,0.26,0,1,125,0,0,0.1,484,1370.5,482.1,44.1,47.6,42.7,42.3,36,31.8,41,41.6,31.2,34.2,35.2,34,30,30,30,30,30,30,30,30
1697352776.95,0.02,0.23,0.23,0,1,125,0.9,0.9,0.1,488.6,492.9,493.6,43.7,46.8,42.8,42.3,36,31.8,40.8,41.4,31.2,34.2,35.4,33.6,30,30,30,30,30,30,30,30
1697352777.05,0.02,0.13,0.13,0,1,124,0.6,0.6,0.1,491.3,-2836.6,497.3,43.9,45.6,42.8,42.3,36,31.8,40.8,41.4,31.2,34.2,35.4,33.6,30,30,30,30,30,30,30,30
1697352777.15,0.04,0.12,0.11,0,1,122,0,0,0.1,497,1326.4,496.5,45.2,42.9,42.9,42.2,36,31,40.8,41.2,31.2,34.4,35,34.2,30,30,30,30,30,30,30,30
1697352777.25,0.03,0,0,0,0,122,0.3,0.3,0.1,507.9,465.4,505.9,48.1,41.5,43.2,41.7,36,31,40.8,41.2,31.2,34.4,35,34.2,30,30,30,30,30,30,30,30
1697352777.35,0.03,0,0,0,0,122,0.3,0.3,0.1,507.9,465.4,505.9,48.1,41.5,43.2,41.7,36,31,40.8,41.2,31.2,34.4,35,34.2,30,30,30,30,30,30,30,30
1697352777.45,0.03,0,0,0,0,122,0,0,0.1,485.7,721.2,490.2,46.9,42.3,43.7,41.5,36,30.6,40.8,42,31,34.2,34.6,34.4,30,30,30,30,30,30,30,30
1697352777.55,0.03,0,0,0,0,122,0,0,0.1,485.7,470.6,481.4,46.9,42.3,43.8,41.6,36,30.6,40.8,42,31,34.2,34.6,34.4,30,30,30,30,30,30,30,30
1697352777.65,0.02,0,0,0,0,122,0,0,0.1,481.1,465.5,478.1,45.1,43.1,43.6,41.7,36,30.6,40.8,42,31,34.2,34.6,34.4,30,30,30,30,30,30,30,30
1697352777.75,0.02,0,0,0,0,123,0,0,0.1,472.7,471.1,463.4,44.1,43,43.5,42,36,30.6,41,42.2,31,33.8,35,34.4,30,30,30,30,30,30,30,30
1697352777.85,0.02,0,0,0,0,125,0,0,0.1,458.7,471.1,463.4,42.9,45,43.5,42,36,30.6,41,42.2,31,33.8,35,34.4,30,30,30,30,30,30,30,30
1697352777.95,0.02,0,0,0,0,125,0,0,0.1,458.7,471.1,463.4,42.9,45,43.5,42,36,30.6,41,42.2,31,33.8,35,34.4,30,30,30,30,30,30,30,30
1697352778.05,0.02,0,0,0,0,134,0.3,0.3,0.1,436.8,735.4,436,40.7,49.6,42.5,43.4,37,31.2,41.4,42.4,31.4,34,34.4,34.2,30,30,30,30,30,30,30,30
1697352778.15,0.02,0,0,0,0,134,0,0,0.1,435.8,735.4,436,39.6,50.4,42.5,43.4,37,31.2,41.4,42.4,31.4,34,34.4,34.2,30,30,30,30,30,30,30,30
1697352778.25,0.02,0,0,0,0,134,0,0,0.1,435.8,467.8,419.2,39.6,50.4,42.2,44,37,31.2,41.4,42.4,31.4,34,34.4,34.2,30,30,30,30,30,30,30,30
1697352778.35,0.02,0.02,0.03,0,0,134,0.3,0.3,0.1,414.1,459.5,412.3,38.3,52.4,42.1,44.2,37.2,31.6,41.2,42.4,32.8,34.2,34.4,34,30,30,30,30,30,30,30,30
1697352778.45,0.02,0.02,0.02,0,0,134,0.3,0.3,0.1,408.5,459.8,409.8,38.8,53.9,42.2,44.3,37.2,31.6,41.4,42.6,33.4,34.2,34.6,33.4,30,30,30,30,30,30,30,30
1697352778.55,0.02,0.02,0.02,0,0,134,0,0,0.1,412.6,459.8,409.8,38.9,53.4,42.2,44.3,37.2,31.6,41.4,42.6,33.4,34.2,34.6,33.4,30,30,30,30,30,30,30,30
1697352778.65,0.02,0.02,0.02,0,0,134,0,0,0.1,412.6,444.5,421.4,38.9,53.4,42.2,44.2,37.2,31.6,41.4,42.6,33.4,34.2,34.6,33.4,30,30,30,30,30,30,30,30
1697352778.75,0.02,0.02,0.02,0,0,134,0,0,0.1,412.6,444.5,421.4,38.9,53.4,42.2,44.2,37.2,31.6,41.4,42.6,33.4,34.2,34.6,33.4,30,30,30,30,30,30,30,30
1697352778.85,0.02,0.04,0.04,0,0,132,0.6,0.6,0.1,442.6,1161.7,437.9,46.4,43.1,42.8,42.1,36.6,32.2,41.4,42.4,33.2,34.2,34.6,33.8,30,30,30,30,30,30,30,30
1697352778.95,0.02,0,0,0,0,130,0.3,0.3,0.1,707.3,409.8,441.6,48.2,42.6,43.2,41.7,35.6,32.8,41,41.4,31.6,34,35.2,34.4,30,30,30,30,30,30,30,30
1697352779.05,0.02,0,0,0,0,128,0.6,0.6,0.1,436.2,1130.7,439.6,48.5,41,43.6,41.5,35.6,32.8,41,41.4,31.6,34,35.2,34.4,30,30,30,30,30,30,30,30
1697352779.15,0.02,0,0,0,0,128,0.6,0.6,0.1,436.2,394.3,434.3,48.5,41,43.9,41.5,35.6,32.8,41,41.4,31.6,34,35.2,34.4,30,30,30,30,30,30,30,30
1697352779.25,0.02,0,0,0,0,128,0.6,0.6,0.1,436.2,394.3,434.3,48.5,41,43.9,41.5,35.6,32.8,41,41.4,31.6,34,35.2,34.4,30,30,30,30,30,30,30,30
1697352779.35,0.02,0,0,0,0,127,0.3,0.3,0.1,428.7,383,429,49.5,40.7,44.2,41.4,35.4,30,40.4,41,30.6,33.4,35.2,34.4,30,30,30,30,30,30,30,30
1697352779.45,0.02,0,0,0,0,128,0,0,0.1,421.4,380.5,423.7,49.3,40.6,44.3,41.5,35.4,30,38.6,41,30.2,32.8,35.4,34.4,30,30,30,30,30,30,30,30
1697352779.55,0.02,0,0,0,0,128,0,0,0.1,399.9,392.7,407.5,46.8,42.2,44.3,41.5,35.4,30,38.6,41,30.2,32.8,35.4,34.4,30,30,30,30,30,30,30,30
1697352779.65,0.02,0,0,0,0,128,0,0,0.1,399.9,398.2,391.3,46.8,42.2,43.6,42,35.4,30,38.6,41,30.2,32.8,35.4,34.4,30,30,30,30,30,30,30,30
1697352779.75,0.02,0,0,0,0,128,0,0,0.1,399.9,398.2,391.3,46.8,42.2,43.6,42,35.4,30,38.6,41,30.2,32.8,35.4,34.4,30,30,30,30,30,30,30,30
1697352779.85,0.02,0,0,0,0,128,0,0,0.1,399.9,402.7,371.8,46.8,42.2,42.5,43,35.4,30,38.6,41,30.2,32.8,35.4,34.4,30,30,30,30,30,30,30,30
1697352779.95,0.02,0,0,0,0,158,0.6,0.6,0.1,368.6,404.3,361.4,39.6,48.9,42.4,43.3,30,30,30,30,30,32.6,34.4,33.6,30,30,30,30,30,30,30,30
1697352780.05,0.02,0,0,0,0,162,0.3,0.3,0.1,362.2,393.1,361.2,39.5,50.3,42.4,43.6,30,30,30,30,30.8,33,34,32.6,30,30,30,30,30,30,30,30
1697352780.15,0.02,0,0,0,0,163,0.3,0.3,0.1,356.9,397.4,353.9,39.1,50.7,42.3,43.8,30,30,30,30,30.8,33,34,32.6,30,30,30,30,30,30,30,30
1697352780.25,0.02,0,0,0,0,163,0.3,0.3,0.1,356.9,397.4,353.9,39.1,50.7,42.3,43.8,30,30,30,30,30.8,33,34,32.6,30,30,30,30,30,30,30,30
1697352780.35,0.02,0,0,0,0,163,0.3,0.3,0.1,356.9,391.3,346.5,39.1,50.7,42.3,43.9,30,30,30,30,30.8,33,34,32.6,30,30,30,30,30,30,30,30
1697352780.45,0.02,0,0,0,0,165,0.6,0.6,0.1,343,374.5,352.7,38.7,50.5,42.4,43.8,35.4,31.4,40.4,40.8,32.4,33.4,34,31.6,30,30,30,30,30,30,30,30
1697352780.55,0.02,0.1,0.1,0,1,162,0.3,0.3,0.1,357.3,-1775.8,366.5,40.1,47.9,42.5,43,35.4,31.4,40.4,40.8,32.4,33.4,34,31.6,30,30,30,30,30,30,30,30
1697352780.65,0.03,0.26,0.25,0,1,146,0,0,0.1,371.7,-1775.8,366.5,44.5,44.1,42.5,43,35.4,31.4,40.4,40.8,32.4,33.4,34,31.6,30,30,30,30,30,30,30,30
1697352780.75,0.03,0.26,0.25,0,1,146,0,0,0.1,371.7,551.9,378,44.5,44.1,42.8,41.8,35.4,31.4,40.4,40.8,32.4,33.4,34,31.6,30,30,30,30,30,30,30,30
1697352780.85,0.03,0.26,0.25,0,1,146,0,0,0.1,371.7,551.9,378,44.5,44.1,42.8,41.8,35.4,31.4,40.4,40.8,32.4,33.4,34,31.6,30,30,30,30,30,30,30,30
1697352780.95,0.03,0.26,0.25,0,1,146,0,0,0.1,371.7,551.9,378,44.5,44.1,42.8,41.8,35.4,31.4,40.4,40.8,32.4,33.4,34,31.6,30,30,30,30,30,30,30,30
1697352781.05,0.03,0.26,0.25,0,1,146,0,0,0.1,371.7,551.9,378,44.5,44.1,42.8,41.8,35.4,31.4,40.4,40.8,32.4,33.4,34,31.6,30,30,30,30,30,30,30,30
1697352781.15,0.03,0.26,0.25,0,1,146,0,0,0.1,371.7,551.9,378,44.5,44.1,42.8,41.8,35.4,31.4,40.4,40.8,32.4,33.4,34,31.6,30,30,30,30,30,30,30,30
1697352781.25,0.03,0.26,0.25,0,1,146,0,0,0.1,371.7,551.9,378,44.5,44.1,42.8,41.8,35.4,31.4,40.4,40.8,32.4,33.4,34,31.6,30,30,30,30,30,30,30,30
1697352781.35,0.02,0.19,0.18,0,1,139,0.6,0.6,0.1,378.4,588.4,377.9,44.6,45.3,43.1,42,33.6,30,39.4,39.8,30,32.6,34.4,32.8,30,30,30,30,30,30,30,30
1697352781.45,0.02,0.17,0.17,0,1,139,0,0,0.1,382.7,1637.6,376.9,44.7,44.7,43.3,41.8,34.2,30,40,40,30,33.2,34,33.2,30,30,30,30,30,30,30,30
1697352781.55,0.02,0.13,0.13,0,1,139,0,0,0.1,381.3,-2720.3,381.2,44.5,45.3,43.2,42.1,34.2,30,40,40,30,33.2,34,33.2,30,30,30,30,30,30,30,30
1697352781.65,0.02,0.13,0.13,0,1,139,0,0,0.1,381.3,1038.9,378.4,44.5,45.3,43.2,42.1,34.2,30,40,40,30,33.2,34,33.2,30,30,30,30,30,30,30,30
1697352781.75,0.02,0.13,0.13,0,1,139,0,0,0.1,381.3,1038.9,378.4,44.5,45.3,43.2,42.1,34.2,30,40,40,30,33.2,34,33.2,30,30,30,30,30,30,30,30
1697352781.85,0.02,0.13,0.13,0,1,139,0,0,0.1,381.3,1038.9,378.4,44.5,45.3,43.2,42.1,34.2,30,40,40,30,33.2,34,33.2,30,30,30,30,30,30,30,30
1697352781.95,0.02,0.13,0.13,0,1,139,0,0,0.1,381.3,1038.9,378.4,44.5,45.3,43.2,42.1,34.2,30,40,40,30,33.2,34,33.2,30,30,30,30,30,30,30,30
1697352782.05,0.02,0.12,0.12,0,1,138,0,0,0.1,382.2,579.9,381.5,44.5,44.1,43.2,42.3,34.2,30.2,40.2,39.8,30,33.4,34.2,33.2,30,30,30,30,30,30,30,30
1697352782.15,0.02,0.11,0.11,0,1,138,0,0,0.1,612.1,568.3,386.9,44.4,44.2,43.5,42,34.2,30.2,40.2,39.8,30,33.4,34.2,33.2,30,30,30,30,30,30,30,30
1697352782.25,0.02,0.06,0.05,0,1,136,0.3,0.3,0.1,389.4,548.2,390.3,45.8,43.2,43.5,42,34,30,40,39.8,30,33.4,34.2,33.4,30,30,30,30,30,30,30,30
1697352782.35,0.02,0,0,0,0,136,0,0,0.1,1053.7,1002,378.7,47.3,42.3,43.7,41.9,34,30,40,39.8,30,33.4,34.2,33.4,30,30,30,30,30,30,30,30
1697352782.45,0.02,0,0,0,0,136,0,0,0.1,1053.7,1002,378.7,47.3,42.3,43.7,41.9,34,30,40,39.8,30,33.4,34.2,33.4,30,30,30,30,30,30,30,30
1697352782.55,0.02,0.1,0.09,0,1,136,0.3,0.3,0.1,378.1,968.5,379.8,48.1,42.2,43.9,41.9,34,30,39.4,39.6,30,33,34.2,33.2,30,30,30,30,30,30,30,30
1697352782.65,0.02,0.1,0.1,0,1,136,0.6,0.6,0.1,381.7,2957.7,377.5,48.3,42,43.8,41.9,34,30,39.4,39.6,30,33,34.2,33.2,30,30,30,30,30,30,30,30
1697352782.75,0.02,0.1,0.1,0,1,136,0.3,0.3,0.1,381.9,2957.7,377.5,47.3,42.9,43.8,41.9,34,30,39,39.8,30,32.6,34,33,30,30,30,30,30,30,30,30
1697352782.85,0.02,0.11,0.1,0,1,136,0.6,0.6,0.1,380.1,556.2,382.5,45.4,43.4,44.1,41.8,34,30,39,39.8,30,32.6,34,33,30,30,30,30,30,30,30,30
1697352782.95,0.02,0.11,0.1,0,1,136,0.6,0.6,0.1,380.1,556.2,382.5,45.4,43.4,44.1,41.8,34,30,39,39.8,30,32.6,34,33,30,30,30,30,30,30,30,30
1697352783.05,0.02,0.1,0.1,0,1,136,0,0,0.1,379.5,556.2,382.5,46.9,40.9,44.1,41.8,34,30,39.4,39.8,30,32.6,34,32.8,30,30,30,30,30,30,30,30
1697352783.15,0.02,0.1,0.1,0,1,132,0.3,0.3,0.1,383.2,556.2,382.5,48.4,42,44.1,41.8,34,30,39.4,39.8,30,32.6,34,32.8,30,30,30,30,30,30,30,30
1697352783.25,0.02,0.1,0.09,0,1,132,0,0,0.1,384.3,1517.6,382,48.6,41.3,44,41.5,34,30,39.4,40,30,32.8,34.2,32.8,30,30,30,30,30,30,30,30
1697352783.35,0.02,0.1,0.1,0,1,132,0,0,0.1,383.9,545.5,378.7,49.5,42.4,44,41.6,34,30,39.4,40,30,32.8,34.2,32.8,30,30,30,30,30,30,30,30
1697352783.45,0.02,0.1,0.1,0,1,132,0,0,0.1,383.9,545.5,378.7,49.5,42.4,44,41.6,34,30,39.4,40,30,32.8,34.2,32.8,30,30,30,30,30,30,30,30
1697352783.55,0.02,0.11,0.1,0,1,133,0,0,0.1,383,545.5,378.7,47.7,42.8,44,41.6,33.8,30,39,40.2,30,32.8,34.4,33.2,30,30,30,30,30,30,30,30
1697352783.65,0.02,0.11,0.1,0,1,131,0.3,0.3,0.1,379.3,930,377.7,49.1,42,44.1,41.6,33.8,30,38.6,40.2,30,32.6,34.2,33,30,30,30,30,30,30,30,30
1697352783.75,0.02,0.11,0.11,0,1,131,0.3,0.3,0.1,381.5,524.4,381.1,48.5,41.7,44.5,41.9,33.8,30,38.6,40.2,30,32.6,34.2,33,30,30,30,30,30,30,30,30
1697352783.85,0.02,0.11,0.11,0,1,131,0.3,0.3,0.1,381.5,1584.3,380.7,48.5,41.7,44.2,41.6,33.8,30,38.6,40.2,30,32.6,34.2,33,30,30,30,30,30,30,30,30
1697352783.95,0.02,0.1,0.1,0,1,131,0,0,0.1,382,1584.3,380.7,48.7,41.6,44.2,41.6,33.8,30,38.6,40.2,30,32.6,34.2,33,30,30,30,30,30,30,30,30
1697352784.05,0.02,0.1,0.1,0,1,131,0,0,0.1,382,1584.3,380.7,48.7,41.6,44.2,41.6,33.8,30,38.6,40.2,30,32.6,34.2,33,30,30,30,30,30,30,30,30
1697352784.15,0.02,0.12,0.11,0,1,132,0.3,0.3,0.1,381,539.2,377.1,48.8,42,44.1,41.5,33.6,30,39,40,30,32.6,33.4,32.8,30,30,30,30,30,30,30,30
1697352784.25,0.02,0.12,0.12,0,1,132,0,0,0.1,597.2,-1994.4,374.1,48.2,41.3,43.9,41.6,34.2,30,39,40.4,30,32.2,33.6,33,30,30,30,30,30,30,30,30
1697352784.35,0.02,0.14,0.13,0,1,132,0,0,0.1,374.7,-213.8,375.9,48.7,43,43.8,41.6,34.2,30,39,40.4,30,32.2,33.6,33,30,30,30,30,30,30,30,30
1697352784.45,0.03,0.21,0.21,0,1,132,0,0,0.1,376.4,-213.8,375.9,48.4,43,43.8,41.6,34.2,30,39.4,40.4,30,31.8,33.6,32.4,30,30,30,30,30,30,30,30
1697352784.55,0.03,0.21,0.21,0,1,132,0,0,0.1,376.4,-213.8,375.9,48.4,43,43.8,41.6,34.2,30,39.4,40.4,30,31.8,33.6,32.4,30,30,30,30,30,30,30,30
1697352784.65,0.03,0.19,0.19,0,1,133,0,0,0.1,378.2,557.3,381.9,47.7,43,44,41.7,34.2,30,39.4,40.4,30,31.8,33.6,32.4,30,30,30,30,30,30,30,30
1697352784.75,0.02,0.18,0.18,0,1,133,0,0,0.1,384,565.6,383.3,48,42,43.7,41.7,34.8,30,39.8,40.6,30,32.4,33.6,32.2,30,30,30,30,30,30,30,30
1697352784.85,0.02,0.14,0.14,0,1,132,0,0,0.1,1035.9,565.6,383.3,48.1,42.5,43.7,41.7,34.8,30,39.8,40.6,30,32.4,33.6,32.2,30,30,30,30,30,30,30,30
1697352784.95,0.02,0.17,0.17,0,1,132,0,0,0.1,382.1,550.7,381.8,48.6,44.2,43.9,41.6,34.6,30,39.6,40.6,30,32.6,33.4,32.4,30,30,30,30,30,30,30,30
1697352785.05,0.02,0.17,0.17,0,1,132,0,0,0.1,382.1,550.7,381.8,48.6,44.2,43.9,41.6,34.6,30,39.6,40.6,30,32.6,33.4,32.4,30,30,30,30,30,30,30,30
1697352785.15,0.02,0.19,0.19,0,1,132,0,0,0.1,387.6,550.7,381.8,49,42,43.9,41.6,34.6,30,39.6,40.6,30,32.6,33.4,32.4,30,30,30,30,30,30,30,30
1697352785.25,0.02,0.15,0.15,0,1,132,0,0,0.1,392.9,1012.6,387.9,48.9,41.9,43.7,41.8,35,30,40,40.6,30,32,33,32.2,30,30,30,30,30,30,30,30
1697352785.35,0.03,0.15,0.14,0,1,132,0,0,0.1,390.8,558.4,394,47.6,44.4,43.9,41.5,35,30,40,40.6,30,32,33,32.2,30,30,30,30,30,30,30,30
1697352785.45,0.02,0.14,0.14,0,1,132,0.9,0.9,0.1,395.5,558.7,397,47.5,42.6,43.7,41.4,35.4,30,39.6,41,30,31.8,33.4,31.6,30,30,30,30,30,30,30,30
1697352785.55,0.02,0.14,0.14,0,1,132,0.9,0.9,0.1,395.5,558.7,397,47.5,42.6,43.7,41.4,35.4,30,39.6,41,30,31.8,33.4,31.6,30,30,30,30,30,30,30,30
1697352785.65,0.02,0.16,0.16,0,1,132,0.3,0.3,0.1,394.3,558.7,397,47.7,43.4,43.7,41.4,35.4,30,39.6,41,30,32,33.4,32.2,30,30,30,30,30,30,30,30
1697352785.75,0.02,0.16,0.16,0,1,133,0,0,0.1,391.7,2242.6,396.3,47.7,43,44.3,41.5,35.4,30,39.6,41,30,32,33.4,32.2,30,30,30,30,30,30,30,30
1697352785.85,0.02,0.16,0.16,0,1,133,0,0,0.1,388.3,2350.9,389.3,49.4,42,44.1,41.4,35.4,30,39.6,41,30,32,33.4,32.2,30,30,30,30,30,30,30,30
1697352785.95,0.02,0.16,0.16,0,1,133,0,0,0.1,388.3,1047.3,393.6,49.4,42,43.9,41.5,35.4,30,39.6,41,30,32,33.4,32.2,30,30,30,30,30,30,30,30
1697352786.05,0.02,0.16,0.16,0,1,134,0.3,0.3,0.1,394.6,1047.3,393.6,49.4,42.4,43.9,41.5,35.4,30,39.4,41,30,32,33.4,32.4,30,30,30,30,30,30,30,30
1697352786.15,0.02,0.16,0.16,0,1,134,0.3,0.3,0.1,394.6,572.1,393.5,49.4,42.4,43.9,41.4,35.4,30,39.4,41,30,32,33.4,32.4,30,30,30,30,30,30,30,30
1697352786.25,0.02,0.17,0.17,0,1,134,0,0,0.1,395.5,574.1,391.8,47.9,42.7,43.9,41.5,35.4,30,40.4,41.2,30,32.2,33.4,31.8,30,30,30,30,30,30,30,30
1697352786.35,0.02,0.18,0.18,0,1,135,0,0,0.1,396.2,582.7,393,47.9,43,43.8,41.5,35.4,30,40.4,41.2,30,32.2,33.4,31.8,30,30,30,30,30,30,30,30
1697352786.45,0.02,0.18,0.18,0,1,135,0,0,0.1,391.7,1970.4,390.6,48.1,43.6,43.7,41.6,35.4,30,40.4,41.2,30,32.2,33.4,31.8,30,30,30,30,30,30,30,30
1697352786.55,0.02,0.19,0.18,0,1,135,0,0,0.1,392,1970.4,390.6,47.9,42.9,43.7,41.6,35.2,30,40.4,41,30,32.4,33.4,32,30,30,30,30,30,30,30,30
1697352786.65,0.02,0.19,0.18,0,1,135,0,0,0.1,392,1970.4,390.6,47.9,42.9,43.7,41.6,35.2,30,40.4,41,30,32.4,33.4,32,30,30,30,30,30,30,30,30
1697352786.75,0.02,0.2,0.2,0,1,135,0,0,0.1,394.1,1970.4,390.6,47.6,43.4,43.7,41.6,35.4,30.4,40.8,40.6,30,32.4,33.4,32,30,30,30,30,30,30,30,30
1697352786.85,0.02,0.2,0.2,0,1,135,0,0,0.1,392.3,563,392.4,47.1,43.6,43.4,41.9,35.4,30.4,40.8,40.6,30,32.4,33.4,32,30,30,30,30,30,30,30,30
1697352786.95,0.02,0.2,0.2,0,1,135,0,0,0.1,398.2,563,392.4,46.8,43,43.4,41.9,35.4,31.2,41,40.6,30,32.8,33.4,32.4,30,30,30,30,30,30,30,30
1697352787.05,0.02,0.22,0.22,0,1,135,0,0,0.1,624,1085.5,397.8,46.9,43.4,43.3,41.9,35.4,31.2,41,40.6,30,32.8,33.4,32.4,30,30,30,30,30,30,30,30
1697352787.15,0.02,0.22,0.22,0,1,135,0,0,0.1,624,1085.5,397.8,46.9,43.4,43.3,41.9,35.4,31.2,41,40.6,30,32.8,33.4,32.4,30,30,30,30,30,30,30,30
1697352787.25,0.02,0.24,0.24,0,1,136,0,0,0.1,398.4,1085.5,397.8,45.6,44.1,43.3,41.9,35.4,31.6,40.6,40.6,30,32.8,33.6,32.6,30,30,30,30,30,30,30,30
1697352787.35,0.02,0.24,0.24,0,1,136,0,0,0.1,402.4,2171,400.3,44.9,46.4,43.3,41.8,35.4,31.6,40.6,40.6,30,32.8,33.6,32.6,30,30,30,30,30,30,30,30
1697352787.45,0.02,0.24,0.24,0,1,135,0.3,0.3,0.1,401.2,1115.7,405.5,44.8,46.1,43.2,41.9,35.6,32,40.4,40.4,30,32.8,33.6,32.6,30,30,30,30,30,30,30,30
1697352787.55,0.03,0.23,0.23,0,1,135,0,0,0.1,404.1,1138.3,400.4,44.7,45.5,43.2,41.9,35.6,32,40.4,40.4,30,32.8,33.6,32.6,30,30,30,30,30,30,30,30
1697352787.65,0.03,0.23,0.23,0,1,135,0,0,0.1,404.1,1138.3,400.4,44.7,45.5,43.2,41.9,35.6,32,40.4,40.4,30,32.8,33.6,32.6,30,30,30,30,30,30,30,30
1697352787.75,0.03,0.12,0.12,0,1,135,0,0,0.1,402.9,1138.3,400.4,43.9,45.7,43.2,41.9,36,31.8,40.4,40.2,30,32.6,33.6,32.6,30,30,30,30,30,30,30,30
1697352787.85,0.03,0.12,0.12,0,1,135,0,0,0.1,402,622.5,406.5,43.2,46,43.2,42,36,31.8,40.4,40.2,30,32.6,33.6,32.6,30,30,30,30,30,30,30,30
1697352787.95,0.02,0.12,0.12,0,1,135,0,0,0.1,402.4,1129.6,403.2,43.4,44.7,43.1,42,35,31.6,40.2,40,30.2,33,33.6,32.6,30,30,30,30,30,30,30,30
1697352788.05,0.02,0.11,0.11,0,1,135,0,0,0.1,402.4,1310.6,405.8,43.4,44.7,43.3,42.2,35,31.6,40.2,40,30.2,33,33.6,32.6,30,30,30,30,30,30,30,30
1697352788.15,0.02,0.11,0.11,0,1,135,0.3,0.3,0.1,399.8,1310.6,405.8,45.6,45.8,43.3,42.2,35,31.6,40.2,40,30.2,33,33.6,32.6,30,30,30,30,30,30,30,30
1697352788.25,0.02,0.11,0.11,0,1,135,0.3,0.3,0.1,399.8,1310.6,405.8,45.6,45.8,43.3,42.2,35,31.6,40.2,40,30.2,33,33.6,32.6,30,30,30,30,30,30,30,30
1697352788.35,0.03,0.08,0.07,0,1,135,0,0,0.1,405.6,1310.6,405.8,45.9,43.4,43.3,42.2,34.8,30.4,40.2,40.4,30.6,33.4,33.6,32.6,30,30,30,30,30,30,30,30
1697352788.45,0.02,0.07,0.08,0,1,136,0,0,0.1,403.5,1310.6,405.8,46,44.5,43.3,42.2,34.8,30.4,40.2,40.4,30.6,33.4,33.6,32.6,30,30,30,30,30,30,30,30
1697352788.55,0.02,0.08,0.08,0,1,139,0,0,0.1,401.7,590.8,401.1,46,43.3,43.4,41.9,35,30.2,40.2,40.8,30,33.2,33.4,32,30,30,30,30,30,30,30,30
1697352788.65,0.02,0.07,0.07,0,1,142,0,0,0.1,1077.8,1124.8,393.9,45.6,44,43.4,42,35,30.2,40.2,40.8,30,33.2,33.4,32,30,30,30,30,30,30,30,30
1697352788.75,0.02,0.07,0.07,0,1,142,0,0,0.1,1077.8,1124.8,393.9,45.6,44,43.4,42,35,30.2,40.2,40.8,30,33.2,33.4,32,30,30,30,30,30,30,30,30
1697352788.85,0.02,0.13,0.14,0,1,143,0,0,0.1,390.1,1078.7,391.7,44.9,44.4,43.2,42,35,31.6,40.6,40.2,30,33,33.6,32.2,30,30,30,30,30,30,30,30
1697352788.95,0.02,0.15,0.15,0,1,143,0,0,0.1,389,1078.7,391.7,44.4,42.8,43.2,42,35.2,33,40.6,40.4,30,33,33.4,31.6,30,30,30,30,30,30,30,30
1697352789.05,0.02,0.18,0.18,0,1,143,0,0,0.1,387,1078.7,391.7,43.5,44.7,43.2,42,35.2,33,40.6,40.4,30,33,33.4,31.6,30,30,30,30,30,30,30,30
1697352789.15,0.02,0.18,0.18,0,1,143,0,0,0.1,387.1,-1888.1,391,44.2,45.7,43.2,41.9,35.2,33,40.6,40.4,30,33,33.4,31.6,30,30,30,30,30,30,30,30
1697352789.25,0.02,0.18,0.18,0,1,143,0,0,0.1,387.1,623.1,390.7,44.2,45.7,43.1,42,35.2,33,40.6,40.4,30,33,33.4,31.6,30,30,30,30,30,30,30,30
1697352789.35,0.02,0.17,0.16,0,1,143,0,0,0.1,391.8,623.1,390.7,44.4,45,43.1,42,34.8,32.4,40.4,40.4,30,33,32.6,33,30,30,30,30,30,30,30,30
1697352789.45,0.02,0.18,0.18,0,1,143,0,0,0.1,389.7,1194.4,391.5,44.5,44.1,43.1,42,34.6,32,40.2,40.2,30,33.2,32.8,33,30,30,30,30,30,30,30,30
1697352789.55,0.02,0.18,0.18,0,1,143,0,0,0.1,383.4,1194.4,391.5,45,44.8,43.1,42,34.6,32,40.2,40.2,30,33.2,32.8,33,30,30,30,30,30,30,30,30
1697352789.65,0.02,0.17,0.17,0,1,143,0,0,0.1,387.1,1088.2,388.9,43.5,45.2,43.6,42.2,35,32,40,40,30,32.8,33.4,32.4,30,30,30,30,30,30,30,30
1697352789.75,0.02,0.17,0.17,0,1,143,0,0,0.1,387.1,1086.9,387.9,43.5,45.2,43,42.1,35,32,40,40,30,32.8,33.4,32.4,30,30,30,30,30,30,30,30
1697352789.85,0.04,0.19,0.19,0,1,143,0,0,0.1,390.6,1086.9,387.9,44.8,45,43,42.1,35,32,40,40,30,32.8,33.4,32.4,30,30,30,30,30,30,30,30
1697352789.95,0.02,0.19,0.19,0,1,143,0,0,0.1,387.7,571.6,389,42.5,45.4,42.9,42.1,35.4,32,40,40,30,32.4,34,33,30,30,30,30,30,30,30,30
1697352790.05,0.02,0.2,0.2,0,1,143,0,0,0.1,384.4,571.6,389,43.5,48,42.9,42.1,35.4,32,40,40,30,32.4,34,33,30,30,30,30,30,30,30,30
1697352790.15,0.02,0.2,0.2,0,1,143,0,0,0.1,384.4,613.8,388.1,43.5,48,42.8,42.1,35.4,32,40,40,30,32.4,34,33,30,30,30,30,30,30,30,30
1697352790.25,0.03,0.2,0.2,0,1,143,0,0,0.1,384.9,1152.3,388.8,42.9,46,42.9,42.4,35.8,31.6,40,39.8,30,33,34,32.8,30,30,30,30,30,30,30,30
1697352790.35,0.03,0.2,0.2,0,1,143,0,0,0.1,384.9,1152.3,388.8,42.9,46,42.9,42.4,35.8,31.6,40,39.8,30,33,34,32.8,30,30,30,30,30,30,30,30
1697352790.45,0.02,0.18,0.18,0,1,143,0,0,0.1,390.2,1253.8,392.4,43.9,45.4,42.6,42,35.8,31.6,40,39.8,30,33,34,32.8,30,30,30,30,30,30,30,30
1697352790.55,0.02,0.19,0.19,0,1,143,0,0,0.1,386.8,1253.8,392.4,43.3,45.9,42.6,42,35.4,33.4,39.8,40,30,32.8,33.4,31.6,30,30,30,30,30,30,30,30
1697352790.65,0.02,0.18,0.18,0,1,143,0,0,0.1,386.9,596.3,387.8,42.3,46.1,42.8,42.1,35.4,33.4,39.8,40,30,32.8,33.4,31.6,30,30,30,30,30,30,30,30
1697352790.75,0.03,0.18,0.18,0,1,143,0,0,0.1,385.2,596.3,387.8,43.1,47.4,42.8,42.1,35.4,32.6,40,40,30,33,33.6,31.4,30,30,30,30,30,30,30,30
1697352790.85,0.03,0.18,0.18,0,1,143,0,0,0.1,385.2,596.3,387.8,43.1,47.4,42.8,42.1,35.4,32.6,40,40,30,33,33.6,31.4,30,30,30,30,30,30,30,30
1697352790.95,0.02,0.16,0.16,0,1,143,0,0,0.1,383,611.5,386.7,42.6,46.4,42.7,42.3,35.4,32.4,40,40,30,33.8,33.6,32.2,30,30,30,30,30,30,30,30
1697352791.05,0.02,0.05,0.05,0,0,145,0,0,0.1,377,633.9,374.8,42.7,47.3,42.8,42.4,35.4,32.4,40,40,30,33.8,33.6,32.2,30,30,30,30,30,30,30,30
1697352791.15,0.02,0.04,0.05,0,0,149,0.3,0.3,0.1,373.7,633.9,374.8,39.9,49,42.8,42.4,35.4,32.4,40,40,30,33.8,33.6,32.2,30,30,30,30,30,30,30,30
1697352791.25,0.02,0.14,0.15,0,1,153,0,0,0.1,362.9,1162.7,367,39.8,48.9,42.6,42.9,35,32,39.6,40,30.2,33.4,33.4,32.6,30,30,30,30,30,30,30,30
1697352791.35,0.02,0.14,0.15,0,1,153,0,0,0.1,362.9,606.3,365.9,39.8,48.9,42.2,42.8,35,32,39.6,40,30.2,33.4,33.4,32.6,30,30,30,30,30,30,30,30
1697352791.45,0.02,0.14,0.15,0,1,153,0.6,0.6,0.1,370.4,606.3,365.9,40,49.8,42.2,42.8,35.4,32.6,39.4,40.4,32.8,33.6,33.4,32.2,30,30,30,30,30,30,30,30
1697352791.55,0.02,0.13,0.13,0,1,153,0.9,0.9,0.1,374.2,598.2,368.5,40.9,47.6,42.3,43.1,35.4,32.6,39.4,40.4,32.8,33.6,33.4,32.2,30,30,30,30,30,30,30,30
1697352791.65,0.03,0.03,0.03,0,0,153,0.3,0.3,0.1,380.2,1088.8,378.3,41.6,46.6,42.3,42.7,35.4,32.6,39.4,40.4,32.8,33.6,33.4,32.2,30,30,30,30,30,30,30,30
1697352791.75,0.03,0,0,0,0,143,0,0,0.1,604.8,-2506.7,388.5,44.5,44.1,42.5,42.7,35.4,32.6,41,40.6,33.6,33.4,34.8,33,30,30,30,30,30,30,30,30
1697352791.85,0.03,0,0,0,0,143,0,0,0.1,604.8,-2506.7,388.5,44.5,44.1,42.5,42.7,35.4,32.6,41,40.6,33.6,33.4,34.8,33,30,30,30,30,30,30,30,30
1697352791.95,0.02,0,0,0,0,144,0.3,0.3,0.1,382.9,-2506.7,388.5,44.1,43.6,42.5,42.7,35.4,30.4,39.8,40.4,31.6,33.4,35.4,34.2,30,30,30,30,30,30,30,30
1697352792.05,0.02,0.02,0.02,0,0,130,0.3,0.3,0.1,379.9,360.9,384.3,46.3,42,43.2,42,35.4,30.4,39.8,40.4,31.6,33.4,35.4,34.2,30,30,30,30,30,30,30,30
1697352792.15,0.01,0.02,0.02,0,0,125,0,0,0.1,387.4,360.9,384.3,48.9,41.5,43.2,42,35.6,30,39.4,40.8,31.6,34,35.2,34.8,30,30,30,30,30,30,30,30
1697352792.25,0.01,0.02,0.02,0,0,125,0,0,0.1,387.4,342.3,379.7,48.9,41.5,43.7,41.4,35.6,30,39.4,40.8,31.6,34,35.2,34.8,30,30,30,30,30,30,30,30
1697352792.35,0.02,0.01,0.01,0,0,123,0,0,0.1,385.9,342.3,379.7,49.7,41.6,43.7,41.4,35.6,30,39.4,40.8,31.6,34,35.2,34.8,30,30,30,30,30,30,30,30
1697352792.45,0.02,0.01,0.01,0,0,123,0,0,0.1,385.9,342.3,379.7,49.7,41.6,43.7,41.4,35.6,30,39.4,40.8,31.6,34,35.2,34.8,30,30,30,30,30,30,30,30
1697352792.55,0.02,0.12,0.12,0,1,125,0,0,0.1,377.8,930.2,372,49.8,41,44.2,41.3,35,30,38.6,41,31.2,33.4,34.4,35,30,30,30,30,30,30,30,30
1697352792.65,0.03,0.13,0.13,0,1,126,0.3,0.3,0.1,374.4,1252,370.3,49,42.5,44.1,41.6,35,30,38.6,41,31.2,33.4,34.4,35,30,30,30,30,30,30,30,30
1697352792.75,0.02,0.14,0.14,0,1,126,0,0,0.1,365.9,1252,370.3,48.7,43.5,44.1,41.6,35.4,31.2,38.2,40.6,30.6,32.4,35.2,35,30,30,30,30,30,30,30,30
1697352792.85,0.02,0.16,0.16,0,1,132,0.6,0.6,0.1,348.3,1252,370.3,45.5,43.6,44.1,41.6,35.4,31.2,38.2,40.6,30.6,32.4,35.2,35,30,30,30,30,30,30,30,30
1697352792.95,0.02,0.16,0.16,0,1,132,0.6,0.6,0.1,348.3,1252,370.3,45.5,43.6,44.1,41.6,35.4,31.2,38.2,40.6,30.6,32.4,35.2,35,30,30,30,30,30,30,30,30
1697352793.05,0.02,0.16,0.16,0,1,144,0.9,0.9,0.1,335.1,1067.1,331,41.8,48.3,42.4,42.7,35.4,32.4,40.6,40.6,30,33.6,35.6,34.6,30,30,30,30,30,30,30,30
1697352793.15,0.03,0.21,0.21,0,1,144,0,0,0.1,332,1067.1,331,41,51.3,42.4,42.7,35.4,32.4,40.6,40.6,30,33.6,35.6,34.6,30,30,30,30,30,30,30,30
1697352793.25,0.03,0.24,0.25,0,1,144,0.3,0.3,0.1,328.2,1067.1,331,40.9,51.3,42.4,42.7,36,33.4,40.8,41.8,32.4,34.4,35.4,33.2,30,30,30,30,30,30,30,30
1697352793.35,0.02,0.26,0.26,0,1,144,0.3,0.3,0.1,332.2,1067.1,331,40.6,51.1,42.4,42.7,36,33.4,40.8,41.8,32.4,34.4,35.4,33.2,30,30,30,30,30,30,30,30
1697352793.45,0.02,0.26,0.26,0,1,144,0.3,0.3,0.1,332.2,1067.1,331,40.6,51.1,42.4,42.7,36,33.4,40.8,41.8,32.4,34.4,35.4,33.2,30,30,30,30,30,30,30,30
1697352793.55,0.03,0.26,0.26,0,1,145,0.6,0.6,0.1,343.3,1067.1,331,40.9,50.8,42.4,42.7,36.6,34,41,42,34.6,34,36.2,33,30,30,30,30,30,30,30,30
1697352793.65,0.03,0.27,0.27,0,1,144,0.3,0.3,0.1,351.5,2602.1,348.7,41.2,50.7,42.2,43.1,36.6,34,41,42,34.6,34,36.2,33,30,30,30,30,30,30,30,30
1697352793.75,0.02,0.3,0.3,0,1,143,0,0,0.1,365.7,1060.8,364.5,43.2,47,42.5,42.8,37,33.4,41,42.2,34.4,34.6,36.4,33.4,30,30,30,30,30,30,30,30
1697352793.85,0.02,0.3,0.3,0,1,137,0,0,0.1,377.3,1060.8,364.5,48.3,46.6,42.5,42.8,37,33.4,41,42.2,34.4,34.6,36.4,33.4,30,30,30,30,30,30,30,30
1697352793.95,0.02,0.3,0.3,0,1,137,0,0,0.1,377.3,1060.8,364.5,48.3,46.6,42.5,42.8,37,33.4,41,42.2,34.4,34.6,36.4,33.4,30,30,30,30,30,30,30,30
1697352794.05,0.03,0.18,0.19,0,1,126,0,0,0.1,394.3,1060.8,364.5,50.2,43.3,42.5,42.8,37,31.2,40.4,42,33.4,35.2,36.6,34.8,30,30,30,30,30,30,30,30
1697352794.15,0.03,0.23,0.22,0,1,126,0,0,0.1,397.3,1166.1,390.8,50.2,41.5,43.5,41.2,36.4,30,39.4,42,31.6,34.8,36.4,35.4,30,30,30,30,30,30,30,30
1697352794.25,0.02,0.23,0.23,0,1,125,0,0,0.1,394.7,1010.3,390.4,50.2,42.3,43.8,41.1,36.4,30,39.4,42,31.6,34.8,36.4,35.4,30,30,30,30,30,30,30,30
1697352794.35,0.02,0.23,0.23,0,1,125,0,0,0.1,394.7,1010.3,390.4,50.2,42.3,43.8,41.1,36.4,30,39.4,42,31.6,34.8,36.4,35.4,30,30,30,30,30,30,30,30
1697352794.45,0.02,0.25,0.24,0,1,126,0,0,0.1,396.1,1010.3,390.4,49.4,43.2,43.8,41.1,36.4,30,39.4,42,31.6,34.8,36.4,35.4,30,30,30,30,30,30,30,30
1697352794.55,0.02,0.25,0.24,0,1,126,0,0,0.1,396.1,1010.3,390.4,49.4,43.2,43.8,41.1,36.4,30,39.4,42,31.6,34.8,36.4,35.4,30,30,30,30,30,30,30,30
1697352794.65,0.02,0.26,0.26,0,1,126,1.8,1.8,0.1,386.7,582.4,390.2,47.9,43.6,43.4,41.3,35.8,30,39,42,31.6,34.4,36,36,30,30,30,30,30,30,30,30
1697352794.75,0.02,0.27,0.27,0,1,127,0.6,0.6,0.1,384,582.4,390.2,47.8,43.7,43.4,41.3,36.8,31.2,40,42,32.4,34.4,35.6,36,30,30,30,30,30,30,30,30
1697352794.85,0.02,0.24,0.24,0,1,145,1.2,1.2,0.1,373.9,582.4,390.2,45.4,45.2,43.4,41.3,36.8,31.2,40,42,32.4,34.4,35.6,36,30,30,30,30,30,30,30,30
1697352794.95,0.02,0.16,0.17,0,1,161,0.3,0.3,0.1,362.3,582.4,390.2,43.1,50.5,43.4,41.3,37,33.8,41.2,42.4,33.2,34.8,35.6,35.2,30,30,30,30,30,30,30,30
1697352795.05,0.02,0.16,0.17,0,1,161,0.3,0.3,0.1,362.3,582.4,390.2,43.1,50.5,43.4,41.3,37,33.8,41.2,42.4,33.2,34.8,35.6,35.2,30,30,30,30,30,30,30,30
1697352795.15,0.02,0.21,0.21,0,1,163,0,0,0.1,363.1,582.4,390.2,40.6,50.5,43.4,41.3,37,33.8,41.2,42.4,33.2,34.8,35.6,35.2,30,30,30,30,30,30,30,30
1697352795.25,0.02,0.21,0.21,0,1,167,0,0,0.1,357.6,582.4,390.2,40.5,52.5,43.4,41.3,36.4,34,40.8,41.6,34,35.2,35,33.8,30,30,30,30,30,30,30,30
1697352795.35,0.02,0.19,0.2,0,1,168,0.6,0.6,0.1,356,582.4,390.2,39.6,52,43.4,41.3,36.4,34,40.8,41.6,34,35.2,35,33.8,30,30,30,30,30,30,30,30
1697352795.45,0.02,0.2,0.2,0,1,168,0,0,0.1,358.3,582.4,390.2,39.8,51.8,43.4,41.3,36.4,33.4,40.8,41.8,34.2,35.2,35.4,33,30,30,30,30,30,30,30,30
1697352795.55,0.02,0.2,0.2,0,1,168,0,0,0.1,358.3,582.4,390.2,39.8,51.8,43.4,41.3,36.4,33.4,40.8,41.8,34.2,35.2,35.4,33,30,30,30,30,30,30,30,30
1697352795.65,0.02,0.2,0.2,0,1,168,0,0,0.1,358.3,582.4,390.2,39.8,51.8,43.4,41.3,36.4,33.4,40.8,41.8,34.2,35.2,35.4,33,30,30,30,30,30,30,30,30
1697352795.75,0.02,0.2,0.2,0,1,168,0,0,0.1,358.3,582.4,390.2,39.8,51.8,43.4,41.3,36.4,33.4,40.8,41.8,34.2,35.2,35.4,33,30,30,30,30,30,30,30,30
1697352795.85,0.02,0.2,0.2,0,1,168,0,0,0.1,358.3,582.4,390.2,39.8,51.8,43.4,41.3,36.4,33.4,40.8,41.8,34.2,35.2,35.4,33,30,30,30,30,30,30,30,30
1697352795.95,0.02,0.2,0.2,0,1,168,0,0,0.1,358.3,582.4,390.2,39.8,51.8,43.4,41.3,36.4,33.4,40.8,41.8,34.2,35.2,35.4,33,30,30,30,30,30,30,30,30
1697352796.05,0.02,0.2,0.2,0,1,168,0,0,0.1,358.3,582.4,390.2,39.8,51.8,43.4,41.3,36.4,33.4,40.8,41.8,34.2,35.2,35.4,33,30,30,30,30,30,30,30,30
1697352796.15,0.02,0.2,0.2,0,1,168,0,0,0.1,358.3,582.4,390.2,39.8,51.8,43.4,41.3,36.4,33.4,40.8,41.8,34.2,35.2,35.4,33,30,30,30,30,30,30,30,30
1697352796.25,0.02,0.2,0.2,0,1,168,0,0,0.1,358.3,582.4,390.2,39.8,51.8,43.4,41.3,36.4,33.4,40.8,41.8,34.2,35.2,35.4,33,30,30,30,30,30,30,30,30
1697352796.35,0.02,0.24,0.24,0,1,132,0.9,0.9,0.1,406,582.4,390.2,49.9,42.2,43.4,41.3,36.4,30,39.6,41.4,31.2,33.8,35.2,34.6,30,30,30,30,30,30,30,30
1697352796.45,0.02,0.24,0.24,0,1,132,0.9,0.9,0.1,406,582.4,390.2,49.9,42.2,43.4,41.3,36.4,30,39.6,41.4,31.2,33.8,35.2,34.6,30,30,30,30,30,30,30,30
1697352796.55,0.02,0.27,0.28,0,1,136,1.2,1.2,0.1,403.2,582.4,390.2,49.6,42.8,43.4,41.3,36.2,30.2,39.4,41,30.4,33.2,35,34,30,30,30,30,30,30,30,30
1697352796.65,0.03,0.31,0.3,0,1,146,0.3,0.3,0.1,397.7,582.4,390.2,48.3,44.3,43.4,41.3,36.2,30.2,39.4,41,30.4,33.2,35,34,30,30,30,30,30,30,30,30
1697352796.75,0.03,0.31,0.3,0,1,146,0.3,0.3,0.1,397.7,582.4,390.2,48.3,44.3,43.4,41.3,36.2,30.2,39.4,41,30.4,33.2,35,34,30,30,30,30,30,30,30,30
1697352796.85,0.03,0.31,0.3,0,1,146,0.3,0.3,0.1,397.7,582.4,390.2,48.3,44.3,43.4,41.3,36.2,30.2,39.4,41,30.4,33.2,35,34,30,30,30,30,30,30,30,30
1697352796.95,0.02,0.07,0.07,0,1,150,0,0,0.1,395.9,582.4,390.2,44.3,45.4,43.4,41.3,36.4,30.8,40.4,41.6,30.6,33.4,34.6,33.6,30,30,30,30,30,30,30,30
1697352797.05,0.02,0.18,0.18,0,1,151,0.9,0.9,0.1,390.4,582.4,390.2,44.5,43.1,43.4,41.3,37.2,32.6,41.2,41.6,31.2,34,34.4,34,30,30,30,30,30,30,30,30
1697352797.15,0.02,0.22,0.22,0,1,150,0.3,0.3,0.1,392.5,582.4,390.2,44.9,44.5,43.4,41.3,37.2,32.6,41.2,41.6,31.2,34,34.4,34,30,30,30,30,30,30,30,30
1697352797.25,0.02,0.22,0.22,0,1,150,0.3,0.3,0.1,392.5,582.4,390.2,44.9,44.5,43.4,41.3,37.2,32.6,41.2,41.6,31.2,34,34.4,34,30,30,30,30,30,30,30,30
1697352797.35,0.02,0.22,0.22,0,1,150,0.3,0.3,0.1,392.5,582.4,390.2,44.9,44.5,43.4,41.3,37.2,32.6,41.2,41.6,31.2,34,34.4,34,30,30,30,30,30,30,30,30
1697352797.45,0.02,0.21,0.2,0,1,150,0.6,0.6,0.1,393,582.4,390.2,44.4,45.6,43.4,41.3,37.2,33.4,41,41.6,32.2,33.4,35,33.4,30,30,30,30,30,30,30,30
1697352797.55,0.02,0.2,0.2,0,1,151,0,0,0.1,385.9,582.4,390.2,43.1,46.7,43.4,41.3,37.2,33.4,41,41.6,32.2,33.4,35,33.4,30,30,30,30,30,30,30,30
1697352797.65,0.02,0.21,0.21,0,1,151,0.9,0.9,0.1,394.4,582.4,390.2,42.5,46.5,43.4,41.3,37.2,33.4,41,41.6,32.2,33.4,35,33.4,30,30,30,30,30,30,30,30
1697352797.75,0.02,0.19,0.19,0,1,150,0.6,0.6,0.1,389.9,582.4,390.2,43.2,45.2,43.4,41.3,37,33.6,41,42.2,32.4,34,36,34.8,30,30,30,30,30,30,30,30
1697352797.85,0.02,0.19,0.19,0,1,150,0.6,0.6,0.1,389.9,582.4,390.2,43.2,45.2,43.4,41.3,37,33.6,41,42.2,32.4,34,36,34.8,30,30,30,30,30,30,30,30
1697352797.95,0.03,0.17,0.17,0,1,150,1.2,1.2,0.1,389.1,582.4,390.2,44.8,45.1,43.4,41.3,37.4,34,41.4,42.4,33,34.8,36.6,34.6,30,30,30,30,30,30,30,30
1697352798.05,0.02,0.17,0.17,0,1,150,0.6,0.6,0.1,392.4,582.4,390.2,44.5,46.4,43.4,41.3,37.4,34,41.4,42.4,33,34.8,36.6,34.6,30,30,30,30,30,30,30,30
1697352798.15,0.02,0.17,0.17,0,1,150,0.6,0.6,0.1,392.4,582.4,390.2,44.5,46.4,43.4,41.3,37.4,34,41.4,42.4,33,34.8,36.6,34.6,30,30,30,30,30,30,30,30
1697352798.25,0.02,0.18,0.18,0,1,152,0.6,0.6,0.1,385.3,582.4,390.2,42.6,46.6,43.4,41.3,37.4,34.6,41.4,42.4,33,35.2,35.6,35,30,30,30,30,30,30,30,30
1697352798.35,0.03,0.18,0.17,0,1,151,0.3,0.3,0.1,390.1,582.4,390.2,42.9,46.2,43.4,41.3,37.4,34.6,41.4,42.4,33,35.2,35.6,35,30,30,30,30,30,30,30,30
1697352798.45,0.04,0.16,0.17,0,1,151,0.3,0.3,0.1,386.4,582.4,390.2,42.9,46,43.4,41.3,37.4,34.6,41.4,42.4,33.4,36,35.4,34.6,30,30,30,30,30,30,30,30
1697352798.55,0.04,0.16,0.17,0,1,151,0.3,0.3,0.1,386.4,582.4,390.2,42.9,46,43.4,41.3,37.4,34.6,41.4,42.4,33.4,36,35.4,34.6,30,30,30,30,30,30,30,30
1697352798.65,0.03,0.14,0.14,0,1,152,0.9,0.9,0.1,376,582.4,390.2,42.1,48.8,43.4,41.3,37.4,34.6,41.4,42.4,33.4,36,35.4,34.6,30,30,30,30,30,30,30,30
1697352798.75,0.03,0.14,0.14,0,1,152,0.9,0.9,0.1,376,582.4,390.2,42.1,48.8,43.4,41.3,37.4,34.6,41.4,42.4,33.4,36,35.4,34.6,30,30,30,30,30,30,30,30
1697352798.85,0.03,0.11,0.11,0,1,153,1.2,1.2,0.1,373.7,582.4,390.2,40.7,49.8,43.4,41.3,37.4,34.6,41.4,42.4,34.4,36,36,34.6,30,30,30,30,30,30,30,30
1697352798.95,0.03,0.11,0.11,0,1,153,0,0,0.1,376.6,582.4,390.2,40.7,49.5,43.4,41.3,37.4,34.6,41.4,42.4,34.4,36,36,34.6,30,30,30,30,30,30,30,30
1697352799.05,0.03,0.11,0.1,0,1,153,0.6,0.6,0.1,376.2,582.4,390.2,40.5,48.4,43.4,41.3,37.8,34.6,41.4,42.6,34.8,35.4,36,34.8,30,30,30,30,30,30,30,30
1697352799.15,0.03,0.11,0.11,0,1,153,0.3,0.3,0.1,378.8,582.4,390.2,40.8,48.7,43.4,41.3,37.8,34.6,41.4,42.6,34.8,35.4,36,34.8,30,30,30,30,30,30,30,30
1697352799.25,0.03,0.11,0.11,0,1,153,0.3,0.3,0.1,378.8,582.4,390.2,40.8,48.7,43.4,41.3,37.8,34.6,41.4,42.6,34.8,35.4,36,34.8,30,30,30,30,30,30,30,30
1697352799.35,0.07,0,0,1,0,152,5.7,5.7,0.1,379.9,582.4,390.2,41.3,45.7,43.4,41.3,37.8,34.2,41.2,42.4,34.4,35.2,35.8,34.6,30,30,30,30,30,30,30,30
1697352799.45,0.12,0,0,1,0,151,14.1,14.1,0.1,364.5,582.4,390.2,41.7,43.1,43.4,41.3,37.4,33,41.2,42.2,33.4,34.8,36.2,35,30,30,30,30,30,30,30,30
1697352799.55,0.15,0,0,1,0,151,15.9,15.9,0.1,343.3,582.4,390.2,41.3,41.4,43.4,41.3,37.4,33,41.2,42.2,33.4,34.8,36.2,35,30,30,30,30,30,30,30,30
1697352799.65,0.14,0,0,1,0,151,13.5,13.5,0.1,323.7,582.4,390.2,41.4,42.2,43.4,41.3,37.4,33,41.2,42.2,33.4,34.8,36.2,35,30,30,30,30,30,30,30,30
1697352799.75,0.14,0,0,1,0,151,13.5,13.5,0.1,323.7,582.4,390.2,41.4,42.2,43.4,41.3,37.4,33,41.2,42.2,33.4,34.8,36.2,35,30,30,30,30,30,30,30,30
1697352799.85,0.13,0,0,1,0,151,7.8,7.8,0.1,287.2,582.4,390.2,40.9,42.2,43.4,41.3,38,33,41.4,42.4,33,35.4,36,35.4,30,30,30,30,30,30,30,30
1697352799.95,0.11,0,0,1,0,152,2.7,2.7,0.1,272.7,582.4,390.2,41.1,43.3,43.4,41.3,38.2,33.4,41.4,42,33.2,35.4,36,35.4,30,30,30,30,30,30,30,30
1697352800.05,0.12,0,0,1,0,152,2.1,2.1,0.1,261.4,582.4,390.2,41.1,43.8,43.4,41.3,38.2,33.4,41.4,42,33.2,35.4,36,35.4,30,30,30,30,30,30,30,30
1697352800.15,0.1,0,0,1,0,152,1.8,1.8,0.1,255.4,582.4,390.2,41,45.3,43.4,41.3,37.6,33.4,41.2,42,33.2,35.4,36,35.2,30,30,30,30,30,30,30,30
1697352800.25,0.1,0,0,1,0,152,1.8,1.8,0.1,255.4,582.4,390.2,41,45.3,43.4,41.3,37.6,33.4,41.2,42,33.2,35.4,36,35.2,30,30,30,30,30,30,30,30
1697352800.35,0.1,0,0,1,0,152,2.7,2.7,0.1,243,582.4,390.2,41.1,44.1,43.4,41.3,37.6,33.4,41.2,42,33.2,35.4,36,35.2,30,30,30,30,30,30,30,30
1697352800.45,0.11,0,0,1,0,152,2.4,2.4,0.1,241.1,582.4,390.2,41.2,43.9,43.4,41.3,37.4,33.6,41.2,42,33.4,35.2,35.6,35,30,30,30,30,30,30,30,30
1697352800.55,0.1,0,0,1,0,152,2.4,2.4,0.1,234,582.4,390.2,41.2,44.1,43.4,41.3,37.4,33.6,41.2,42,33.4,35.2,35.6,35,30,30,30,30,30,30,30,30
1697352800.65,0.1,0,0,1,0,152,2.4,2.4,0.1,234,582.4,390.2,41.2,44.1,43.4,41.3,37.4,33.6,41.2,42,33.4,35.2,35.6,35,30,30,30,30,30,30,30,30
1697352800.75,0.11,0,0,1,0,152,2.1,2.1,0.1,229.3,582.4,390.2,41.1,44.1,43.4,41.3,37,32.8,41,41.8,33,35.2,35.4,34.8,30,30,30,30,30,30,30,30
1697352800.85,0.11,0,0,1,0,152,2.1,2.1,0.1,229.3,582.4,390.2,41.1,44.1,43.4,41.3,37,32.8,41,41.8,33,35.2,35.4,34.8,30,30,30,30,30,30,30,30
1697352800.95,0.11,0,0,1,0,152,2.1,2.1,0.1,229.3,582.4,390.2,41.1,44.1,43.4,41.3,37,32.8,41,41.8,33,35.2,35.4,34.8,30,30,30,30,30,30,30,30
1697352801.05,0.11,0,0,1,0,126,3.9,3.9,0.1,217.2,582.4,390.2,41.8,43.6,43.4,41.3,37,32.2,40.8,41.4,32.4,34.4,35.4,35.2,30,30,30,30,30,30,30,30
1697352801.15,0.11,0,0,1,0,109,4.5,4.5,0.1,220.8,582.4,390.2,42.4,41.5,43.4,41.3,37,32.2,40.8,41.4,32.4,34.4,35.4,35.2,30,30,30,30,30,30,30,30
1697352801.25,0.11,0,0,1,0,99,1.8,1.8,0.1,210.2,582.4,390.2,43,42.6,43.4,41.3,37,30.4,38.8,40.6,31.6,33.4,35.4,35.2,30,30,30,30,30,30,30,30
1697352801.35,0.11,0,0,1,0,99,1.8,1.8,0.1,210.2,582.4,390.2,43,42.6,43.4,41.3,37,30.4,38.8,40.6,31.6,33.4,35.4,35.2,30,30,30,30,30,30,30,30
1697352801.45,0.11,0,0,1,0,99,1.8,1.8,0.1,210.2,582.4,390.2,43,42.6,43.4,41.3,37,30.4,38.8,40.6,31.6,33.4,35.4,35.2,30,30,30,30,30,30,30,30
1697352801.55,0.07,0.27,0.27,0,1,82,1.5,1.5,0.1,205,582.4,390.2,45.9,43.9,43.4,41.3,36.4,30,34,39.6,30.8,31.2,35.4,34.4,30,30,30,30,30,30,30,30
1697352801.65,0.07,0.41,0.41,0,1,77,0.6,0.6,0.1,332,582.4,390.2,47.3,44.9,43.4,41.3,36.4,30,34,39.6,30.8,31.2,35.4,34.4,30,30,30,30,30,30,30,30
1697352801.75,0.06,0.54,0.54,0,1,75,0,0,0.1,216.5,582.4,390.2,48.5,44.6,43.4,41.3,36,30,30,37.8,30.2,30.2,33.4,34,30,30,30,30,30,30,30,30
1697352801.85,0.06,0.54,0.54,0,1,75,0,0,0.1,216.5,582.4,390.2,48.5,44.6,43.4,41.3,36,30,30,37.8,30.2,30.2,33.4,34,30,30,30,30,30,30,30,30
1697352801.95,0.06,0.54,0.54,0,1,75,0,0,0.1,216.5,582.4,390.2,48.5,44.6,43.4,41.3,36,30,30,37.8,30.2,30.2,33.4,34,30,30,30,30,30,30,30,30
1697352802.05,0.06,0.54,0.54,0,1,75,0,0,0.1,216.5,582.4,390.2,48.5,44.6,43.4,41.3,36,30,30,37.8,30.2,30.2,33.4,34,30,30,30,30,30,30,30,30
1697352802.15,0.06,0.54,0.54,0,1,75,0,0,0.1,216.5,582.4,390.2,48.5,44.6,43.4,41.3,36,30,30,37.8,30.2,30.2,33.4,34,30,30,30,30,30,30,30,30
1697352802.25,0.06,0.54,0.54,0,1,75,0,0,0.1,216.5,582.4,390.2,48.5,44.6,43.4,41.3,36,30,30,37.8,30.2,30.2,33.4,34,30,30,30,30,30,30,30,30
1697352802.35,0.06,0.54,0.54,0,1,75,0,0,0.1,216.5,582.4,390.2,48.5,44.6,43.4,41.3,36,30,30,37.8,30.2,30.2,33.4,34,30,30,30,30,30,30,30,30
1697352802.45,0.06,0.54,0.54,0,1,75,0,0,0.1,216.5,582.4,390.2,48.5,44.6,43.4,41.3,36,30,30,37.8,30.2,30.2,33.4,34,30,30,30,30,30,30,30,30
1697352802.55,0.06,0.54,0.54,0,1,75,0,0,0.1,216.5,582.4,390.2,48.5,44.6,43.4,41.3,36,30,30,37.8,30.2,30.2,33.4,34,30,30,30,30,30,30,30,30
1697352802.65,0.06,0.54,0.54,0,1,75,0,0,0.1,216.5,582.4,390.2,48.5,44.6,43.4,41.3,36,30,30,37.8,30.2,30.2,33.4,34,30,30,30,30,30,30,30,30
1697352802.75,0.06,0.54,0.54,0,1,75,0,0,0.1,216.5,582.4,390.2,48.5,44.6,43.4,41.3,36,30,30,37.8,30.2,30.2,33.4,34,30,30,30,30,30,30,30,30
1697352802.85,0.06,0.54,0.54,0,1,75,0,0,0.1,216.5,582.4,390.2,48.5,44.6,43.4,41.3,36,30,30,37.8,30.2,30.2,33.4,34,30,30,30,30,30,30,30,30
1697352802.95,0.06,0.54,0.54,0,1,75,0,0,0.1,216.5,582.4,390.2,48.5,44.6,43.4,41.3,36,30,30,37.8,30.2,30.2,33.4,34,30,30,30,30,30,30,30,30
1697352803.05,0.06,0.54,0.54,0,1,67,1.2,1.2,0.1,297.9,582.4,390.2,53.9,41.8,43.4,41.3,35,30,30,33.6,30,30,33.2,34.4,30,30,30,30,30,30,30,30
1697352803.15,0.06,0.58,0.58,0,1,67,0.6,0.6,0.1,303.4,582.4,390.2,53.6,42.9,43.4,41.3,35,30,30,33.6,30,30,33.2,34.4,30,30,30,30,30,30,30,30
1697352803.25,0.05,0.64,0.64,0,1,67,1.2,1.2,0.1,313.8,582.4,390.2,53.4,42.1,43.4,41.3,34.6,30,30,33.4,30,30.2,33.6,34.8,30,30,30,30,30,30,30,30
1697352803.35,0.06,0.64,0.63,0,1,67,0,0,0.1,318.1,582.4,390.2,53.3,42.7,43.4,41.3,34.6,30,30,33.4,30,30.2,33.6,34.8,30,30,30,30,30,30,30,30
1697352803.45,0.06,0.64,0.63,0,1,67,0,0,0.1,318.1,582.4,390.2,53.3,42.7,43.4,41.3,34.6,30,30,33.4,30,30.2,33.6,34.8,30,30,30,30,30,30,30,30
1697352803.55,0.05,0.22,0.22,0,1,88,0.6,0.6,0.1,306.8,582.4,390.2,52.3,44,43.4,41.3,34.6,30,30,34,30,30.2,34,35.2,30,30,30,30,30,30,30,30
1697352803.65,0.04,0.12,0.12,0,1,95,0.6,0.6,0.1,299.2,582.4,390.2,46.9,44,43.4,41.3,34.6,30,30,34,30,30.2,34,35.2,30,30,30,30,30,30,30,30
1697352803.75,0.04,0.34,0.34,0,1,99,0,0,0.1,293.8,582.4,390.2,45.1,43.5,43.4,41.3,34.4,30,33,37.4,30,32.2,34.6,34.6,30,30,30,30,30,30,30,30
1697352803.85,0.04,0.34,0.34,0,1,99,0,0,0.1,291.2,582.4,390.2,45.3,48.1,43.4,41.3,34.4,30,33,37.4,30,32.2,34.6,34.6,30,30,30,30,30,30,30,30
1697352803.95,0.04,0.34,0.34,0,1,99,0,0,0.1,291.2,582.4,390.2,45.3,48.1,43.4,41.3,34.4,30,33,37.4,30,32.2,34.6,34.6,30,30,30,30,30,30,30,30
1697352804.05,0.02,0.34,0.34,0,1,154,0.3,0.3,0.1,282.3,582.4,390.2,42.4,49.9,43.4,41.3,35,30,38.8,40,30.2,33.8,34.8,34,30,30,30,30,30,30,30,30
1697352804.15,0.02,0.24,0.24,0,1,157,0.3,0.3,0.1,285.6,582.4,390.2,41.9,49.9,43.4,41.3,35,30,38.8,40,30.2,33.8,34.8,34,30,30,30,30,30,30,30,30
1697352804.25,0.02,0.24,0.24,0,1,158,0.9,0.9,0.1,285.4,582.4,390.2,40.9,50.2,43.4,41.3,34.8,31.4,40.2,40.2,31.8,34,34.6,33,30,30,30,30,30,30,30,30
1697352804.35,0.03,0.05,0.06,0,1,160,0.9,0.9,0.1,291.8,582.4,390.2,41,49.4,43.4,41.3,34.8,31.4,40.2,40.2,31.8,34,34.6,33,30,30,30,30,30,30,30,30
1697352804.45,0.03,0.05,0.06,0,1,160,0.9,0.9,0.1,291.8,582.4,390.2,41,49.4,43.4,41.3,34.8,31.4,40.2,40.2,31.8,34,34.6,33,30,30,30,30,30,30,30,30
1697352804.55,0.02,0.29,0.29,0,1,160,0.3,0.3,0.1,277.7,582.4,390.2,39.9,49.2,43.4,41.3,34.8,32,40,41.4,33,33.8,34.4,31.6,30,30,30,30,30,30,30,30
1697352804.65,0.04,0.43,0.43,0,1,160,0,0,0.1,286.8,582.4,390.2,41.3,50.6,43.4,41.3,35,32,40,41.4,33,34,34.6,31.8,30,30,30,30,30,30,30,30
1697352804.75,0.03,0.49,0.5,0,1,160,0,0,0.1,291.7,582.4,390.2,41.4,52.3,43.4,41.3,35,32,40,41.4,33,34,34.6,31.8,30,30,30,30,30,30,30,30
1697352804.85,0.03,0.49,0.5,0,1,160,0,0,0.1,291.7,582.4,390.2,41.4,52.3,43.4,41.3,35,32,40,41.4,33,34,34.6,31.8,30,30,30,30,30,30,30,30
1697352804.95,0.02,0.53,0.54,0,1,160,1.2,1.2,0.1,297.4,582.4,390.2,40.9,53.2,43.4,41.3,35,32,40,41.4,33,34,34.6,31.8,30,30,30,30,30,30,30,30
1697352805.05,0.02,0.53,0.54,0,1,160,1.2,1.2,0.1,297.4,582.4,390.2,40.9,53.2,43.4,41.3,35,32,40,41.4,33,34,34.6,31.8,30,30,30,30,30,30,30,30
1697352805.15,0.02,0.6,0.6,0,1,160,0,0,0.1,315.9,582.4,390.2,41.3,52.6,43.4,41.3,35.6,33.4,40,40.2,33.2,33.6,34.6,31.8,30,30,30,30,30,30,30,30
1697352805.25,0.02,0.62,0.62,0,1,160,0.9,0.9,0.1,322.5,582.4,390.2,41.8,30.3,43.4,41.3,35.4,32.4,40.2,40.4,33.4,33.8,34.6,32,30,30,30,30,30,30,30,30
1697352805.35,0.03,0.57,0.57,0,1,160,0.3,0.3,0.1,334.2,582.4,390.2,42.4,55.1,43.4,41.3,35.4,32.4,40.2,40.4,33.4,33.8,34.6,32,30,30,30,30,30,30,30,30
1697352805.45,0.02,0.58,0.58,0,1,160,0.9,0.9,0.1,340.4,582.4,390.2,42.5,53.6,43.4,41.3,35.4,32.4,40.4,40.6,33,34,34.8,32,30,30,30,30,30,30,30,30
1697352805.55,0.02,0.58,0.58,0,1,160,0.9,0.9,0.1,340.4,582.4,390.2,42.5,53.6,43.4,41.3,35.4,32.4,40.4,40.6,33,34,34.8,32,30,30,30,30,30,30,30,30
1697352805.65,0.03,0.54,0.54,0,1,161,0.3,0.3,0.1,362.5,582.4,390.2,42.9,53.7,43.4,41.3,35.4,32.4,40.4,40.6,33,34,34.8,32,30,30,30,30,30,30,30,30
1697352805.75,0.02,0.53,0.53,0,1,161,0.6,0.6,0.1,381.3,582.4,390.2,43.6,52.4,43.4,41.3,35.4,33.4,40.4,40.4,32.6,33.8,34.6,32.4,30,30,30,30,30,30,30,30
1697352805.85,0.02,0.5,0.49,0,1,161,0,0,0.1,393.6,582.4,390.2,43.5,49.5,43.4,41.3,35.4,33.4,40.4,40.4,32.6,33.8,34.6,32.4,30,30,30,30,30,30,30,30
1697352805.95,0.02,0.48,0.48,0,1,161,0.6,0.6,0.1,399.8,582.4,390.2,44,49.7,43.4,41.3,35,33.4,40.4,40.2,31.6,34,34.6,33.4,30,30,30,30,30,30,30,30
1697352806.05,0.02,0.48,0.48,0,1,161,0.6,0.6,0.1,399.8,582.4,390.2,44,49.7,43.4,41.3,35,33.4,40.4,40.2,31.6,34,34.6,33.4,30,30,30,30,30,30,30,30
1697352806.15,0.02,0.41,0.41,0,1,161,0.3,0.3,0.1,417.8,582.4,390.2,43.8,48.3,43.4,41.3,35,33.4,40.4,40.2,31.6,34,34.6,33.4,30,30,30,30,30,30,30,30
1697352806.25,0.02,0.18,0.18,0,1,161,1.2,1.2,0.1,417.5,582.4,390.2,43.9,47.8,43.4,41.3,35.4,33.2,40.2,40,31.2,34.4,34.6,33.8,30,30,30,30,30,30,30,30
1697352806.35,0.02,0,0,0,0,161,0,0,0.1,414.4,582.4,390.2,43.2,47.1,43.4,41.3,35.4,33.2,40.2,40,31.2,34.4,34.6,33.8,30,30,30,30,30,30,30,30
1697352806.45,0.02,0,0,0,0,157,0.6,0.6,0.1,411.6,582.4,390.2,41.8,42.6,43.4,41.3,35.4,33.6,40.2,40,31.6,34.2,34.6,35,30,30,30,30,30,30,30,30
1697352806.55,0.02,0,0,0,0,157,0.6,0.6,0.1,411.6,582.4,390.2,41.8,42.6,43.4,41.3,35.4,33.6,40.2,40,31.6,34.2,34.6,35,30,30,30,30,30,30,30,30
1697352806.65,0.02,0,0,0,0,157,0.6,0.6,0.1,411.6,582.4,390.2,41.8,42.6,43.4,41.3,35.4,33.6,40.2,40,31.6,34.2,34.6,35,30,30,30,30,30,30,30,30
1697352806.75,0.12,0,0,1,0,126,0.6,0.6,0.1,411.6,582.4,390.2,41.8,42.6,43.4,41.3,35.4,33.6,40.2,40,31.6,34.2,34.6,35,30,30,30,30,30,30,30,30
1697352806.85,0.11,0,0,1,0,126,0,0,0.1,379.4,582.4,390.2,46.3,40.2,43.4,41.3,35.6,33.4,40.4,40.4,31.8,33.6,34.2,34.4,30,30,30,30,30,30,30,30
1697352806.95,0.11,0,0,1,0,126,0,0,0.1,379.4,582.4,390.2,46.3,40.2,43.4,41.3,35.6,33.4,40.4,40.4,31.8,33.6,34.2,34.4,30,30,30,30,30,30,30,30
1697352807.05,0.1,0,0,1,0,126,3.9,3.9,0.1,363.8,582.4,390.2,46.6,40.9,43.4,41.3,35.6,32.6,39.8,40.4,31.2,33.4,34.6,34,30,30,30,30,30,30,30,30
1697352807.15,0.1,0,0,1,0,126,3.9,3.9,0.1,363.8,582.4,390.2,46.6,40.9,43.4,41.3,35.6,32.6,39.8,40.4,31.2,33.4,34.6,34,30,30,30,30,30,30,30,30
1697352807.25,0.1,0,0,1,0,126,3.9,3.9,0.1,363.8,582.4,390.2,46.6,40.9,43.4,41.3,35.6,32.6,39.8,40.4,31.2,33.4,34.6,34,30,30,30,30,30,30,30,30
1697352807.35,0.11,0,0,1,0,116,4.2,4.2,0.1,331.8,582.4,390.2,44.8,38.6,43.4,41.3,36,31.8,38.8,40.4,30.4,33.2,34.8,34.2,30,30,30,30,30,30,30,30
1697352807.45,0.06,0,0,0,1,111,0,0,0.1,326.7,582.4,390.2,47.6,40.8,43.4,41.3,36,31.8,38.8,40.4,30.4,33.2,34.8,34.2,30,30,30,30,30,30,30,30
1697352807.55,0.06,0.26,0.26,0,1,110,0,0,0.1,325.8,582.4,390.2,47.7,40.6,43.4,41.3,36,30,37.6,40.4,30.4,32.6,34.8,33.8,30,30,30,30,30,30,30,30
1697352807.65,0.06,0.24,0.25,0,1,109,0,0,0.1,327.5,582.4,390.2,49.8,41.6,43.4,41.3,36,30,37.6,40.4,30.4,32.6,34.8,33.8,30,30,30,30,30,30,30,30
1697352807.75,0.06,0.24,0.25,0,1,109,0,0,0.1,327.5,582.4,390.2,49.8,41.6,43.4,41.3,36,30,37.6,40.4,30.4,32.6,34.8,33.8,30,30,30,30,30,30,30,30
1697352807.85,0.06,0.28,0.28,0,1,109,0,0,0.1,333.5,582.4,390.2,49.8,41.8,43.4,41.3,35.6,30,35.8,40.8,30.2,32.2,35,33.4,30,30,30,30,30,30,30,30
1697352807.95,0.05,0.3,0.3,0,1,109,0,0,0.1,335.7,582.4,390.2,49.8,42.4,43.4,41.3,35.6,30,35.4,41,30.2,32,35,34,30,30,30,30,30,30,30,30
1697352808.05,0.06,0.36,0.36,0,1,109,0,0,0.1,340.6,582.4,390.2,49.7,42.3,43.4,41.3,35.6,30,35.4,41,30.2,32,35,34,30,30,30,30,30,30,30,30
1697352808.15,0.06,0.36,0.36,0,1,109,0,0,0.1,340.6,582.4,390.2,49.7,42.3,43.4,41.3,35.6,30,35.4,41,30.2,32,35,34,30,30,30,30,30,30,30,30
1697352808.25,0.06,0.36,0.36,0,1,109,0,0,0.1,340.6,582.4,390.2,49.7,42.3,43.4,41.3,35.6,30,35.4,41,30.2,32,35,34,30,30,30,30,30,30,30,30
1697352808.35,0.06,0.3,0.3,0,1,109,0,0,0.1,341.7,582.4,390.2,49.3,43.2,43.4,41.3,35,30,35.4,40.8,30,32,35,34.2,30,30,30,30,30,30,30,30
1697352808.45,0.06,0.29,0.3,0,1,115,0,0,0.1,328,582.4,390.2,46.5,44.2,43.4,41.3,35.4,30,37,40.6,30,32.6,35.2,34.2,30,30,30,30,30,30,30,30
1697352808.55,0.06,0.2,0.2,0,1,118,0,0,0.1,325,582.4,390.2,43.3,46.6,43.4,41.3,35.4,30,37,40.6,30,32.6,35.2,34.2,30,30,30,30,30,30,30,30
1697352808.65,0.05,0.17,0.16,0,1,118,0,0,0.1,319.3,582.4,390.2,41.9,49.5,43.4,41.3,35.4,30.6,40.6,40.8,31.2,33.8,34.8,34,30,30,30,30,30,30,30,30
1697352808.75,0.05,0.17,0.16,0,1,118,0,0,0.1,319.3,582.4,390.2,41.9,49.5,43.4,41.3,35.4,30.6,40.6,40.8,31.2,33.8,34.8,34,30,30,30,30,30,30,30,30
1697352808.85,0.04,0.29,0.29,0,1,118,0,0,0.1,315.4,582.4,390.2,41.4,50.6,43.4,41.3,35.4,30.6,40.6,40.8,31.2,33.8,34.8,34,30,30,30,30,30,30,30,30
1697352808.95,0.04,0.29,0.29,0,1,118,0,0,0.1,315.4,582.4,390.2,41.4,50.6,43.4,41.3,35.4,30.6,40.6,40.8,31.2,33.8,34.8,34,30,30,30,30,30,30,30,30
1697352809.05,0.05,0.31,0.32,0,1,118,0,0,0.1,317.8,582.4,390.2,41.2,51.2,43.4,41.3,35.6,31.6,40.8,41.6,32.6,34.4,35,33,30,30,30,30,30,30,30,30
1697352809.15,0.04,0.38,0.39,0,1,119,0,0,0.1,324.6,582.4,390.2,41.4,51.6,43.4,41.3,35.6,31.6,40.8,41.6,32.6,34.4,35,33,30,30,30,30,30,30,30,30
1697352809.25,0.04,0.4,0.4,0,1,119,0,0,0.1,324.9,582.4,390.2,41,51.8,43.4,41.3,35.8,32.2,40.6,41.4,33.6,34.4,34.8,33,30,30,30,30,30,30,30,30
1697352809.35,0.04,0.4,0.4,0,1,119,0,0,0.1,324.9,582.4,390.2,41,51.8,43.4,41.3,35.8,32.2,40.6,41.4,33.6,34.4,34.8,33,30,30,30,30,30,30,30,30
1697352809.45,0.05,0.43,0.43,0,1,119,0.6,0.6,0.1,337.7,582.4,390.2,41.2,53.1,43.4,41.3,35.8,32.2,40.6,41.4,33.6,34.4,34.8,33,30,30,30,30,30,30,30,30
1697352809.55,0.04,0.43,0.43,0,1,118,0,0,0.1,340.9,582.4,390.2,41.1,52.5,43.4,41.3,36,32.8,40.6,41.2,33.8,34.4,34.4,32.8,30,30,30,30,30,30,30,30
1697352809.65,0.04,0.46,0.46,0,1,116,0,0,0.1,351.8,582.4,390.2,42.4,52.8,43.4,41.3,36,32.8,40.6,41.2,33.8,34.4,34.4,32.8,30,30,30,30,30,30,30,30
1697352809.75,0.03,0.46,0.46,0,1,116,0,0,0.1,367.5,582.4,390.2,42.6,50.5,43.4,41.3,36.2,33.2,40.6,41.6,33.4,34.2,34.8,33,30,30,30,30,30,30,30,30
1697352809.85,0.03,0.46,0.46,0,1,116,0,0,0.1,367.5,582.4,390.2,42.6,50.5,43.4,41.3,36.2,33.2,40.6,41.6,33.4,34.2,34.8,33,30,30,30,30,30,30,30,30
1697352809.95,0.05,0.64,0.64,0,1,116,0,0,0.1,404.2,582.4,390.2,48.3,46.8,43.4,41.3,36.4,32.4,40.6,41.2,32.2,34.2,34.6,33,30,30,30,30,30,30,30,30
1697352810.05,0.04,0.62,0.61,0,1,116,0,0,0.1,418.6,582.4,390.2,48.3,46.7,43.4,41.3,36.4,32.4,40.6,41.2,32.2,34.2,34.6,33,30,30,30,30,30,30,30,30
1697352810.15,0.04,0.56,0.56,0,1,116,0,0,0.1,430,582.4,390.2,48.3,46.3,43.4,41.3,36.4,32.4,40.6,41.2,32.2,34.2,34.6,33,30,30,30,30,30,30,30,30
1697352810.25,0.04,0.59,0.6,0,1,116,0,0,0.1,435,582.4,390.2,48.3,45.9,43.4,41.3,36,31.2,40.4,40.4,30.6,33.6,34.2,33.2,30,30,30,30,30,30,30,30
1697352810.35,0.04,0.59,0.6,0,1,116,0,0,0.1,435,582.4,390.2,48.3,45.9,43.4,41.3,36,31.2,40.4,40.4,30.6,33.6,34.2,33.2,30,30,30,30,30,30,30,30
1697352810.45,0.03,0.64,0.64,0,1,117,0,0,0.1,456.9,582.4,390.2,47.8,46.3,43.4,41.3,35,31.4,40.4,40.4,30.4,33.4,34.2,33.6,30,30,30,30,30,30,30,30
1697352810.55,0.04,0.69,0.69,0,1,117,0,0,0.1,463.9,582.4,390.2,47.6,45.7,43.4,41.3,35,31.4,40.4,40.4,30.4,33.4,34.2,33.6,30,30,30,30,30,30,30,30
1697352810.65,0.04,0.76,0.76,0,1,118,0,0,0.1,477.7,582.4,390.2,47.9,47.4,43.4,41.3,35.4,32.6,40.4,40.4,30.4,33.6,34.6,34.2,30,30,30,30,30,30,30,30
1697352810.75,0.04,0.71,0.71,0,1,119,0,0,0.1,491.4,582.4,390.2,47.9,48.1,43.4,41.3,35.4,32.6,40.4,40.4,30.4,33.6,34.6,34.2,30,30,30,30,30,30,30,30
1697352810.85,0.04,0.71,0.71,0,1,119,0,0,0.1,491.4,582.4,390.2,47.9,48.1,43.4,41.3,35.4,32.6,40.4,40.4,30.4,33.6,34.6,34.2,30,30,30,30,30,30,30,30
1697352810.95,0.04,0.81,0.8,0,1,120,0,0,0.1,522.5,582.4,390.2,47.8,47.9,43.4,41.3,35.4,33,40.4,40.4,31,33.8,34.4,34,30,30,30,30,30,30,30,30
1697352811.05,0.04,0.81,0.8,0,1,120,0,0,0.1,522.5,582.4,390.2,47.8,47.9,43.4,41.3,35.4,33,40.4,40.4,31,33.8,34.4,34,30,30,30,30,30,30,30,30
1697352811.15,0.03,0.8,0.8,0,1,120,0,0,0.1,534.9,582.4,390.2,47,47.7,43.4,41.3,35.4,33,40.4,40.4,31,33.8,34.4,34,30,30,30,30,30,30,30,30
1697352811.25,0.03,0.79,0.79,0,1,120,0,0,0.1,546.5,582.4,390.2,46.3,48.6,43.4,41.3,35.4,33,40.6,40.6,31.2,34.4,34.2,33.4,30,30,30,30,30,30,30,30
1697352811.35,0.04,0.76,0.76,0,1,120,0,0,0.1,243.3,582.4,390.2,46.5,48,43.4,41.3,35.4,33,40.6,40.6,31.2,34.4,34.2,33.4,30,30,30,30,30,30,30,30
1697352811.45,0.04,0.76,0.76,0,1,120,0,0,0.1,243.3,582.4,390.2,46.5,48,43.4,41.3,35.4,33,40.6,40.6,31.2,34.4,34.2,33.4,30,30,30,30,30,30,30,30
1697352811.55,0.04,0.71,0.71,0,1,121,0,0,0.1,915.1,582.4,390.2,45.7,49.2,43.4,41.3,35.8,33.2,40.6,40.6,31.6,35,33,34.4,30,30,30,30,30,30,30,30
1697352811.65,0.03,0.73,0.72,0,1,121,0,0,0.1,598.5,582.4,390.2,45.9,47.6,43.4,41.3,35.8,33.2,40.6,40.6,31.6,35,33,34.4,30,30,30,30,30,30,30,30
1697352811.75,0.03,0.72,0.72,0,1,122,0,0,0.1,605.9,582.4,390.2,45.5,48.8,43.4,41.3,35.4,32.4,40.4,40.4,32,34.6,33.4,34.8,30,30,30,30,30,30,30,30
1697352811.85,0.06,0.49,0.49,0,1,126,1.5,1.5,0.1,612.4,582.4,390.2,45.3,49.7,43.4,41.3,35.4,32.4,40.4,40.4,32,34.6,33.4,34.8,30,30,30,30,30,30,30,30
1697352811.95,0.06,0.49,0.49,0,1,126,1.5,1.5,0.1,612.4,582.4,390.2,45.3,49.7,43.4,41.3,35.4,32.4,40.4,40.4,32,34.6,33.4,34.8,30,30,30,30,30,30,30,30
1697352812.05,0.11,0,0,1,0,130,9.3,9.3,0.1,598.8,582.4,390.2,40.1,45.6,43.4,41.3,34.6,31.2,40.4,40.4,31,34,35,34.4,30,30,30,30,30,30,30,30
1697352812.15,0.12,0,0,1,0,131,9.6,9.6,0.1,573,582.4,390.2,39.9,44.3,43.4,41.3,34.6,31.2,40.4,40.4,31,34,35,34.4,30,30,30,30,30,30,30,30
1697352812.25,0.12,0,0,1,0,131,9.6,9.6,0.1,558.1,582.4,390.2,40.1,44.3,43.4,41.3,30,30,30,30,31,34.4,35.2,34.6,30,30,30,30,30,30,30,30
1697352812.35,0.12,0,0,1,0,131,9.3,9.3,0.1,547.2,582.4,390.2,39.9,44,43.4,41.3,30,30,30,30,31,34.4,35.2,34.6,30,30,30,30,30,30,30,30
1697352812.45,0.12,0,0,1,0,131,9.3,9.3,0.1,547.2,582.4,390.2,39.9,44,43.4,41.3,30,30,30,30,31,34.4,35.2,34.6,30,30,30,30,30,30,30,30
1697352812.55,0.12,0,0,1,0,130,9,9,0.1,518.6,582.4,390.2,40.2,44,43.4,41.3,30,30,30,30,31.6,34.4,34.6,34.4,30,30,30,30,30,30,30,30
1697352812.65,0.12,0,0,1,0,129,10.2,10.2,0.1,512.7,582.4,390.2,40.5,44,43.4,41.3,30,30,30,30,31.6,34.4,34.6,34.4,30,30,30,30,30,30,30,30
1697352812.75,0.12,0,0,1,0,129,8.1,8.1,0.1,492.3,582.4,390.2,40.6,42.7,43.4,41.3,36.2,31.2,40.6,30,31.2,33.6,34,34.6,30,30,30,30,30,30,30,30
1697352812.85,0.11,0,0,1,0,129,0,0,0.1,487.2,582.4,390.2,40.9,43.1,43.4,41.3,36.2,31.2,40.6,30,31.2,33.6,34,34.6,30,30,30,30,30,30,30,30
1697352812.95,0.11,0,0,1,0,129,0,0,0.1,487.2,582.4,390.2,40.9,43.1,43.4,41.3,36.2,31.2,40.6,30,31.2,33.6,34,34.6,30,30,30,30,30,30,30,30
1697352813.05,0.08,0,0,1,0,128,0,0,0.1,488.4,582.4,390.2,45.9,41.8,43.4,41.3,36.4,31.4,40.6,41.4,31,33.6,34.8,34.6,30,30,30,30,30,30,30,30
1697352813.15,0.07,0.08,0.07,0,1,128,0,0,0.1,488.4,582.4,390.2,45.9,41.8,43.4,41.3,36.4,31.4,40.6,41.4,31,33.6,34.8,34.6,30,30,30,30,30,30,30,30
1697352813.25,0.07,0.08,0.07,0,1,128,0,0,0.1,478.5,582.4,390.2,47.5,42,43.4,41.3,36.4,31,41,41.4,32,33.6,34.8,33.2,30,30,30,30,30,30,30,30
1697352813.35,0.07,0.15,0.14,0,1,128,0,0,0.1,483.8,582.4,390.2,47.5,41.4,43.4,41.3,36.4,31,41,41.4,32,33.6,34.8,33.2,30,30,30,30,30,30,30,30
1697352813.45,0.07,0.14,0.13,0,1,128,0,0,0.1,481.3,582.4,390.2,47.5,42.2,43.4,41.3,36.4,31,41,41.4,32,33.6,34.8,33.2,30,30,30,30,30,30,30,30
1697352813.55,0.07,0.14,0.13,0,1,128,0,0,0.1,481.3,582.4,390.2,47.5,42.2,43.4,41.3,36.4,31,41,41.4,32,33.6,34.8,33.2,30,30,30,30,30,30,30,30
1697352813.65,0.06,0.16,0.16,0,1,129,0.3,0.3,0.1,464.6,582.4,390.2,43.5,44.2,43.4,41.3,35.6,30.4,40.8,41.6,31.6,33.4,34.2,33.4,30,30,30,30,30,30,30,30
1697352813.75,0.06,0.23,0.22,0,1,135,1.2,1.2,0.1,464.3,582.4,390.2,42.9,45.9,43.4,41.3,36,31.2,41,41.8,30.8,33.6,34.8,34,30,30,30,30,30,30,30,30
1697352813.85,0.05,0.16,0.16,0,1,137,0.6,0.6,0.1,450.4,582.4,390.2,41.4,49.6,43.4,41.3,36,31.2,41,41.8,30.8,33.6,34.8,34,30,30,30,30,30,30,30,30
1697352813.95,0.06,0.1,0.11,0,1,137,0.9,0.9,0.1,717,582.4,390.2,41.3,50.5,43.4,41.3,36.4,31.2,40.8,42,32,34.4,34.4,34,30,30,30,30,30,30,30,30
1697352814.05,0.06,0.1,0.11,0,1,137,0.9,0.9,0.1,717,582.4,390.2,41.3,50.5,43.4,41.3,36.4,31.2,40.8,42,32,34.4,34.4,34,30,30,30,30,30,30,30,30
1697352814.15,0.07,0,0,0,0,137,1.5,1.5,0.1,441.7,582.4,390.2,39.2,51.3,43.4,41.3,36.4,31.2,40.8,42,32,34.4,34.4,34,30,30,30,30,30,30,30,30
1697352814.25,0.08,0,0,0,0,137,1.5,1.5,0.1,430.2,582.4,390.2,38.8,51.5,43.4,41.3,36.6,31,40.6,42.4,33.2,34.4,34.4,34,30,30,30,30,30,30,30,30
1697352814.35,0.08,0,0,0,0,137,1.5,1.5,0.1,423,582.4,390.2,38.5,52.2,43.4,41.3,36.6,31,40.6,42.4,33.2,34.4,34.4,34,30,30,30,30,30,30,30,30
1697352814.45,0.08,0,0,1,0,137,4.5,4.5,0.1,410.7,582.4,390.2,38.6,53.9,43.4,41.3,36.4,31,41,41.8,33.8,34.4,34.6,33.2,30,30,30,30,30,30,30,30
1697352814.55,0.08,0,0,1,0,137,4.5,4.5,0.1,410.7,582.4,390.2,38.6,53.9,43.4,41.3,36.4,31,41,41.8,33.8,34.4,34.6,33.2,30,30,30,30,30,30,30,30
1697352814.65,0.1,0,0,1,0,136,7.2,7.2,0.1,415.9,582.4,390.2,39.8,46.7,43.4,41.3,36.4,31,41,41.8,33.8,34.4,34.6,33.2,30,30,30,30,30,30,30,30
1697352814.75,0.11,0.08,0.08,1,1,135,0,0,0.1,425,582.4,390.2,44.7,42.1,43.4,41.3,36,31.6,40.8,41.4,33,34.4,34.4,33.2,30,30,30,30,30,30,30,30
1697352814.85,0.1,0.34,0.33,1,1,133,0,0,0.1,422.9,582.4,390.2,46.5,41.4,43.4,41.3,36,31.6,40.8,41.4,33,34.4,34.4,33.2,30,30,30,30,30,30,30,30
1697352814.95,0.04,0.2,0.19,0,1,125,0,0,0.1,432.3,582.4,390.2,50.1,43.4,43.4,41.3,35.2,30.2,40,40.6,31.4,33.8,34.6,33.6,30,30,30,30,30,30,30,30
1697352815.05,0.04,0.2,0.19,0,1,125,0,0,0.1,432.3,582.4,390.2,50.1,43.4,43.4,41.3,35.2,30.2,40,40.6,31.4,33.8,34.6,33.6,30,30,30,30,30,30,30,30
1697352815.15,0.05,0.42,0.42,0,1,125,0,0,0.1,438.5,582.4,390.2,51.5,42.3,43.4,41.3,34.8,30,39,41.2,30.2,33.4,35.2,33.4,30,30,30,30,30,30,30,30
1697352815.25,0.05,0.42,0.42,0,1,125,0,0,0.1,438.5,582.4,390.2,51.5,42.3,43.4,41.3,34.8,30,39,41.2,30.2,33.4,35.2,33.4,30,30,30,30,30,30,30,30
1697352815.35,0.04,0.3,0.3,0,1,126,0,0,0.1,448.3,582.4,390.2,51.5,42.3,43.4,41.3,34.8,30,39,41.2,30.2,33.4,35.2,33.4,30,30,30,30,30,30,30,30
1697352815.45,0.04,0.02,0.02,0,0,126,0,0,0.1,437.5,582.4,390.2,50.8,41.8,43.4,41.3,34.8,30,39,41.2,30.2,33.4,35.2,33.4,30,30,30,30,30,30,30,30
1697352815.55,0.05,0,0,0,0,125,1.2,1.2,0.1,425.9,582.4,390.2,46.8,42.7,43.4,41.3,35.6,30,39,41.6,30.4,33.4,35.2,33.6,30,30,30,30,30,30,30,30
1697352815.65,0.05,0,0,0,0,125,1.2,1.2,0.1,425.9,582.4,390.2,46.8,42.7,43.4,41.3,35.6,30,39,41.6,30.4,33.4,35.2,33.6,30,30,30,30,30,30,30,30
1697352815.75,0.04,0,0,0,0,127,0.6,0.6,0.1,388,582.4,390.2,39.6,49.2,43.4,41.3,35.6,30,40,41.4,30.2,34.2,35,33.6,30,30,30,30,30,30,30,30
1697352815.85,0.03,0,0,0,0,127,0.3,0.3,0.1,379.2,582.4,390.2,39,49.6,43.4,41.3,35.6,30,40,41.4,30.2,34.2,35,33.6,30,30,30,30,30,30,30,30
1697352815.95,0.03,0,0,0,0,127,0,0,1.1,373.9,582.4,390.2,38.6,50.8,43.4,41.3,36.2,32.4,41,41.6,31.6,34.4,35,32.4,30,30,30,30,30,30,30,30
1697352816.05,0.04,0,0,0,0,127,0.6,0.6,1.1,369.8,582.4,390.2,38.7,50.9,43.4,41.3,36.2,32.4,41,41.6,31.6,34.4,35,32.4,30,30,30,30,30,30,30,30
1697352816.15,0.04,0,0,0,0,127,0.6,0.6,1.1,369.8,582.4,390.2,38.7,50.9,43.4,41.3,36.2,32.4,41,41.6,31.6,34.4,35,32.4,30,30,30,30,30,30,30,30
1697352816.25,0.04,0.19,0.19,0,1,127,0.9,0.9,1.1,358.9,582.4,390.2,38.6,51.9,43.4,41.3,36.4,32.4,41.2,42.2,33.6,33.6,34.2,32.4,30,30,30,30,30,30,30,30
1697352816.35,0.04,0.41,0.41,0,1,126,0,0,1.1,368.9,582.4,390.2,39.5,51.4,43.4,41.3,36.4,32.4,41.2,42.2,33.6,33.6,34.2,32.4,30,30,30,30,30,30,30,30
1697352816.45,0.03,0.48,0.47,0,1,123,0.9,0.9,1.1,397.9,582.4,390.2,44,49.8,43.4,41.3,36.2,31.6,40.6,41.6,33,33.4,34.4,32.2,30,30,30,30,30,30,30,30
1697352816.55,0.03,0.37,0.36,0,1,121,0.6,0.6,1.1,417.2,582.4,390.2,49.8,45.3,43.4,41.3,36.2,31.6,40.6,41.6,33,33.4,34.4,32.2,30,30,30,30,30,30,30,30
1697352816.65,0.03,0.37,0.36,0,1,121,0.6,0.6,1.1,417.2,582.4,390.2,49.8,45.3,43.4,41.3,36.2,31.6,40.6,41.6,33,33.4,34.4,32.2,30,30,30,30,30,30,30,30
1697352816.75,0.04,0.29,0.3,0,1,121,0.9,0.9,1.1,426.5,582.4,390.2,48.7,44.4,43.4,41.3,34.8,30.8,40.4,41,31,33.4,35.2,33,30,30,30,30,30,30,30,30
1697352816.85,0.03,0.42,0.42,0,1,121,1.2,1.2,1.1,425.3,582.4,390.2,48.7,44.3,43.4,41.3,34.8,30.8,40.4,41,31,33.4,35.2,33,30,30,30,30,30,30,30,30
1697352816.95,0.03,0.48,0.48,0,1,121,1.2,1.2,1.1,433.9,582.4,390.2,48.9,44.2,43.4,41.3,35,30,40.2,40.8,30.2,33.4,35,33.4,30,30,30,30,30,30,30,30
1697352817.05,0.03,0.48,0.48,0,1,121,0.6,0.6,1.1,434.9,582.4,390.2,49,45.3,43.4,41.3,35,30,40.2,40.8,30.2,33.4,35,33.4,30,30,30,30,30,30,30,30
1697352817.15,0.03,0.48,0.48,0,1,121,0.6,0.6,1.1,434.9,582.4,390.2,49,45.3,43.4,41.3,35,30,40.2,40.8,30.2,33.4,35,33.4,30,30,30,30,30,30,30,30
1697352817.25,0.03,0.48,0.48,0,1,121,0.6,0.6,1.1,434.9,582.4,390.2,49,45.3,43.4,41.3,35,30,40.2,40.8,30.2,33.4,35,33.4,30,30,30,30,30,30,30,30
1697352817.35,0.03,0.51,0.5,0,1,122,0.6,0.6,1.1,456.3,582.4,390.2,48.5,45.2,43.4,41.3,35,30.2,40.8,41.2,30,33.4,34.8,33.4,30,30,30,30,30,30,30,30
1697352817.45,0.03,0.51,0.5,0,1,122,0.6,0.6,1.1,456.3,582.4,390.2,48.5,45.2,43.4,41.3,35,30.2,40.8,41.2,30,33.4,34.8,33.4,30,30,30,30,30,30,30,30
1697352817.55,0.03,0.5,0.49,0,1,121,0.6,0.6,1.1,469.2,582.4,390.2,48.8,44.9,43.4,41.3,35.2,31,41,41.6,30.4,34.4,34.6,33.4,30,30,30,30,30,30,30,30
1697352817.65,0.03,0.49,0.48,0,1,121,0.9,0.9,1.1,473.9,582.4,390.2,49.1,44.2,43.4,41.3,35.2,31,41,41.6,30.4,34.4,34.6,33.4,30,30,30,30,30,30,30,30
1697352817.75,0.04,0.44,0.44,0,1,121,0.6,0.6,1.1,480.2,582.4,390.2,49.1,43.8,43.4,41.3,35.4,30.6,41,42,30.6,34.2,34.4,33.8,30,30,30,30,30,30,30,30
1697352817.85,0.04,0.44,0.44,0,1,121,0.6,0.6,1.1,480.2,582.4,390.2,49.1,43.8,43.4,41.3,35.4,30.6,41,42,30.6,34.2,34.4,33.8,30,30,30,30,30,30,30,30
1697352817.95,0.04,0.44,0.44,0,1,121,0.6,0.6,1.1,480.2,582.4,390.2,49.1,43.8,43.4,41.3,35.4,30.6,41,42,30.6,34.2,34.4,33.8,30,30,30,30,30,30,30,30
1697352818.05,0.03,0.33,0.32,0,1,119,0.6,0.6,1.1,497.7,582.4,390.2,50.3,43.7,43.4,41.3,35.6,30.6,41.4,42,30.8,33.2,34.4,34.6,30,30,30,30,30,30,30,30
1697352818.15,0.05,0.29,0.28,0,1,119,0.6,0.6,1.1,507.5,582.4,390.2,52,43.7,43.4,41.3,35.6,30.6,41.4,42,30.8,33.2,34.4,34.6,30,30,30,30,30,30,30,30
1697352818.25,0.05,0.29,0.28,0,1,119,0.6,0.6,1.1,507.5,582.4,390.2,52,43.7,43.4,41.3,35.6,30.6,41.4,42,30.8,33.2,34.4,34.6,30,30,30,30,30,30,30,30
1697352818.35,0.03,0,0,0,0,119,0.3,0.3,1.1,509.6,582.4,390.2,48.2,41.5,43.4,41.3,36.2,30.2,41.2,42.4,31.6,33.4,34.6,34,30,30,30,30,30,30,30,30
1697352818.45,0.03,0,0,0,0,119,0.3,0.3,1.6,501.7,582.4,390.2,48.8,38.2,43.4,41.3,30,30,30,30,31,33.6,35.2,34,30,30,30,30,30,30,30,30
1697352818.55,0.03,0,0,0,0,119,0,0,1.6,486,582.4,390.2,49.6,40.1,43.4,41.3,30,30,30,30,31,33.6,35.2,34,30,30,30,30,30,30,30,30
1697352818.65,0.03,0,0,0,0,119,0.6,0.6,1.6,487.1,582.4,390.2,50.4,39.8,43.4,41.3,30,30,30,30,31,33.6,35.2,34,30,30,30,30,30,30,30,30
1697352818.75,0.03,0,0,0,0,119,0.6,0.6,1.6,487.1,582.4,390.2,50.4,39.8,43.4,41.3,30,30,30,30,31,33.6,35.2,34,30,30,30,30,30,30,30,30
1697352818.85,0.03,0,0,0,0,119,0.6,0.6,1.6,487.1,582.4,390.2,50.4,39.8,43.4,41.3,30,30,30,30,31,33.6,35.2,34,30,30,30,30,30,30,30,30
1697352818.95,0.02,0,0,0,0,119,0.6,0.6,1.6,479.2,582.4,390.2,50.9,39.8,43.4,41.3,35.4,30,40,42,30,33.6,34.8,33.4,30,30,30,30,30,30,30,30
1697352819.05,0.02,0,0,0,0,119,0.6,0.6,1.6,479.2,582.4,390.2,50.9,39.8,43.4,41.3,35.4,30,40,42,30,33.6,34.8,33.4,30,30,30,30,30,30,30,30
1697352819.15,0.03,0,0,0,0,119,0.3,0.3,1.6,467.3,582.4,390.2,50.5,39.8,43.4,41.3,35.4,30,40,42.2,30,32.8,34.2,32.8,30,30,30,30,30,30,30,30
1697352819.25,0.03,0,0,0,0,119,0.3,0.3,1.6,464,582.4,390.2,50.5,40.1,43.4,41.3,35.4,30,40,42.2,30,32.8,34.2,32.8,30,30,30,30,30,30,30,30
1697352819.35,0.03,0,0,0,0,119,0.3,0.3,1.6,464,582.4,390.2,50.5,40.1,43.4,41.3,35.4,30,40,42.2,30,32.8,34.2,32.8,30,30,30,30,30,30,30,30
1697352819.45,0.02,0.35,0.34,0,1,119,1.2,1.2,1.6,1265.7,582.4,390.2,51,41.5,43.4,41.3,35.4,30,40,41.8,30,32.2,34.2,31.4,30,30,30,30,30,30,30,30
1697352819.55,0.02,0.35,0.34,0,1,119,1.2,1.2,1.6,1265.7,582.4,390.2,51,41.5,43.4,41.3,35.4,30,40,41.8,30,32.2,34.2,31.4,30,30,30,30,30,30,30,30
1697352819.65,0.02,0.34,0.34,0,1,119,1.2,1.2,1.6,462,582.4,390.2,51.9,42.3,43.4,41.3,35.4,30,40,41.8,30,32.2,34.2,31.4,30,30,30,30,30,30,30,30
1697352819.75,0.03,0.34,0.33,0,1,119,0.9,0.9,1.6,470.8,582.4,390.2,53.1,43.1,43.4,41.3,35.4,30,40,41.4,30,32.2,33.6,30.6,30,30,30,30,30,30,30,30
1697352819.85,0.02,0.42,0.41,0,1,119,0.9,0.9,1.6,482.3,582.4,390.2,51.6,40.3,43.4,41.3,35.4,30,40,41.4,30,32.2,33.6,30.6,30,30,30,30,30,30,30,30
1697352819.95,0.02,0.42,0.41,0,1,119,0.9,0.9,1.6,482.3,582.4,390.2,51.6,40.3,43.4,41.3,35.4,30,40,41.4,30,32.2,33.6,30.6,30,30,30,30,30,30,30,30
1697352820.05,0.02,0.42,0.41,0,1,119,0.9,0.9,1.6,482.3,582.4,390.2,51.6,40.3,43.4,41.3,35.4,30,40,41.4,30,32.2,33.6,30.6,30,30,30,30,30,30,30,30
1697352820.15,0.02,0.42,0.41,0,1,119,0.9,0.9,1.6,482.3,582.4,390.2,51.6,40.3,43.4,41.3,35.4,30,40,41.4,30,32.2,33.6,30.6,30,30,30,30,30,30,30,30
1697352820.25,0.02,0.42,0.41,0,1,119,0.9,0.9,1.6,482.3,582.4,390.2,51.6,40.3,43.4,41.3,35.4,30,40,41.4,30,32.2,33.6,30.6,30,30,30,30,30,30,30,30
1697352820.35,0.02,0.42,0.41,0,1,119,0.9,0.9,1.6,482.3,582.4,390.2,51.6,40.3,43.4,41.3,35.4,30,40,41.4,30,32.2,33.6,30.6,30,30,30,30,30,30,30,30
1697352820.45,0.02,0.42,0.41,0,1,119,0.9,0.9,1.6,482.3,582.4,390.2,51.6,40.3,43.4,41.3,35.4,30,40,41.4,30,32.2,33.6,30.6,30,30,30,30,30,30,30,30
1697352820.55,0.02,0.42,0.41,0,1,119,0.9,0.9,1.6,482.3,582.4,390.2,51.6,40.3,43.4,41.3,35.4,30,40,41.4,30,32.2,33.6,30.6,30,30,30,30,30,30,30,30
1697352820.65,0.02,0.7,0.7,0,1,121,0.9,0.9,1.6,542.2,582.4,390.2,55.2,44.8,43.4,41.3,34.8,30,39,41.2,30,32.4,33.8,32.2,30,30,30,30,30,30,30,30
1697352820.75,0.02,0.71,0.7,0,1,126,1.2,1.2,1.6,536.5,582.4,390.2,30,44.4,43.4,41.3,35,30,39.4,41.4,30,32.6,34.2,31.6,30,30,30,30,30,30,30,30
1697352820.85,0.02,0.66,0.66,0,1,126,0.9,0.9,1.6,553.7,582.4,390.2,51.9,45.3,43.4,41.3,35,30,39.4,41.4,30,32.6,34.2,31.6,30,30,30,30,30,30,30,30
1697352820.95,0.02,0.75,0.75,0,1,125,0.6,0.6,1.6,564,582.4,390.2,51.5,45.4,43.4,41.3,34.6,30,40.2,41.4,30,33,33.8,31.6,30,30,30,30,30,30,30,30
1697352821.05,0.02,0.75,0.75,0,1,125,0.6,0.6,1.6,564,582.4,390.2,51.5,45.4,43.4,41.3,34.6,30,40.2,41.4,30,33,33.8,31.6,30,30,30,30,30,30,30,30
1697352821.15,0.02,0.75,0.75,0,1,125,0.6,0.6,1.6,564,582.4,390.2,51.5,45.4,43.4,41.3,34.6,30,40.2,41.4,30,33,33.8,31.6,30,30,30,30,30,30,30,30
1697352821.25,0.02,0.75,0.75,0,1,125,0.6,0.6,1.5,602.3,582.4,390.2,54.7,47.6,43.4,41.3,34.4,30.6,40.2,41.4,30,32.8,33.6,31.6,30,30,30,30,30,30,30,30
1697352821.35,0.02,0.73,0.73,0,1,126,0.9,0.9,1.5,627.4,582.4,390.2,54.2,46.2,43.4,41.3,34.4,30.6,40.2,41.4,30,32.8,33.6,31.6,30,30,30,30,30,30,30,30
1697352821.45,0.01,0.63,0.63,0,1,126,0.9,0.9,19.3,626.3,582.4,390.2,54.6,44.4,43.4,41.3,34.4,30.6,40.2,41.4,30,33.4,34,32.2,30,30,30,30,30,30,30,30
1697352821.55,0.01,0.63,0.63,0,1,126,0.9,0.9,19.3,626.3,582.4,390.2,54.6,44.4,43.4,41.3,34.4,30.6,40.2,41.4,30,33.4,34,32.2,30,30,30,30,30,30,30,30
1697352821.65,0.01,0.57,0.57,0,1,127,0.3,0.3,19.3,635.9,582.4,390.2,53.4,44.7,43.4,41.3,34.4,30.6,40.2,41.4,30,33.4,34,32.2,30,30,30,30,30,30,30,30
1697352821.75,0.01,0.57,0.57,0,1,127,0.3,0.3,19.3,635.9,582.4,390.2,53.4,44.7,43.4,41.3,34.4,30.6,40.2,41.4,30,33.4,34,32.2,30,30,30,30,30,30,30,30
1697352821.85,0.02,0.58,0.57,0,1,127,0.9,0.9,19.3,647.9,582.4,390.2,51.4,45.5,43.4,41.3,30,30,30,30,31,32,34.6,31.6,30,30,30,30,30,30,30,30
1697352821.95,0.02,0.51,0.52,0,1,127,0.6,0.6,19.3,653.1,582.4,390.2,51.3,45.9,43.4,41.3,30,30,30,30,31,32,34.6,31.6,30,30,30,30,30,30,30,30
1697352822.05,0.02,0.48,0.48,0,1,128,0.9,0.9,19.3,661.5,582.4,390.2,50,45.5,43.4,41.3,35.4,31.6,40.8,42.2,30.2,33.2,34,32.6,30,30,30,30,30,30,30,30
1697352822.15,0.01,0.44,0.44,0,1,130,0.6,0.6,19.3,664.3,582.4,390.2,49.2,44.6,43.4,41.3,35.4,31.6,40.8,42.2,30.2,33.2,34,32.6,30,30,30,30,30,30,30,30
1697352822.25,0.01,0.44,0.44,0,1,130,0.6,0.6,19.3,664.3,582.4,390.2,49.2,44.6,43.4,41.3,35.4,31.6,40.8,42.2,30.2,33.2,34,32.6,30,30,30,30,30,30,30,30
1697352822.35,0.01,0.42,0.42,0,1,134,1.2,1.2,19.3,671.3,582.4,390.2,47.3,44.3,43.4,41.3,35.8,33.2,41.6,42.4,31,33.6,35,34.8,30,30,30,30,30,30,30,30
1697352822.45,0.02,0.19,0.19,0,1,135,0.3,0.3,19.3,676.3,582.4,390.2,46.5,45.8,43.4,41.3,36.4,33.4,41.6,42.4,31.6,33.8,34.6,33.4,30,30,30,30,30,30,30,30
1697352822.55,0.02,0.02,0.02,0,1,135,0.6,0.6,19.3,665.8,582.4,390.2,45.8,45.4,43.4,41.3,36.4,33.4,41.6,42.4,31.6,33.8,34.6,33.4,30,30,30,30,30,30,30,30
1697352822.65,0.05,0,0,0,0,134,1.5,1.5,1129.9,665.3,582.4,390.2,44.6,42.7,43.4,41.3,36.4,33.4,41.6,42.4,31.6,33.8,34.6,33.4,30,30,30,30,30,30,30,30
1697352822.75,0.05,0,0,0,0,134,1.5,1.5,1129.9,665.3,582.4,390.2,44.6,42.7,43.4,41.3,36.4,33.4,41.6,42.4,31.6,33.8,34.6,33.4,30,30,30,30,30,30,30,30
1697352822.85,0.08,0,0,1,0,135,2.4,2.4,1129.9,645.2,582.4,390.2,43.3,44.2,43.4,41.3,30,30,30,30,31,33.6,33.8,32.6,30,30,30,30,30,30,30,30
1697352822.95,0.1,0,0,1,0,136,7.8,7.8,1129.9,638.5,582.4,390.2,42.6,43.3,43.4,41.3,30,30,30,30,30.6,33.4,34,32.6,30,30,30,30,30,30,30,30
1697352823.05,0.12,0,0,1,0,137,10.5,10.5,1129.9,615.7,582.4,390.2,41.9,42.5,43.4,41.3,30,30,30,30,30.6,33.4,34,32.6,30,30,30,30,30,30,30,30
1697352823.15,0.13,0,0,1,0,138,9.9,9.9,1129.9,600.7,582.4,390.2,41.8,42.7,43.4,41.3,30,30,30,30,30.6,33.4,34,32.6,30,30,30,30,30,30,30,30
1697352823.25,0.13,0,0,1,0,138,9.9,9.9,1129.9,600.7,582.4,390.2,41.8,42.7,43.4,41.3,30,30,30,30,30.6,33.4,34,32.6,30,30,30,30,30,30,30,30
1697352823.35,0.12,0,0,1,0,145,9.9,9.9,6.6,571.1,582.4,390.2,41.5,43.2,43.4,41.3,34.6,31,39.8,30,31,33.6,34,33,30,30,30,30,30,30,30,30
1697352823.45,0.12,0,0,1,0,155,10.2,10.2,6.6,555.9,582.4,390.2,40.9,42.6,43.4,41.3,36.2,31.2,39.6,40.8,30,33.4,34,32.4,30,30,30,30,30,30,30,30
1697352823.55,0.12,0,0,1,0,159,9.3,9.3,6.6,535.9,582.4,390.2,39.9,42.2,43.4,41.3,36.2,31.2,39.6,40.8,30,33.4,34,32.4,30,30,30,30,30,30,30,30
1697352823.65,0.12,0,0,1,0,160,8.7,8.7,6.6,524.3,582.4,390.2,40.3,43.1,43.4,41.3,30,30,30,30,30.4,33.4,34,32.4,30,30,30,30,30,30,30,30
1697352823.75,0.12,0,0,1,0,160,8.7,8.7,6.6,524.3,582.4,390.2,40.3,43.1,43.4,41.3,30,30,30,30,30.4,33.4,34,32.4,30,30,30,30,30,30,30,30
1697352823.85,0.12,0,0,1,0,160,8.7,8.7,6.6,524.3,582.4,390.2,40.3,43.1,43.4,41.3,30,30,30,30,30.4,33.4,34,32.4,30,30,30,30,30,30,30,30
1697352823.95,0.12,0,0,1,0,163,6.9,6.9,6.6,493.4,582.4,390.2,39.7,43.5,43.4,41.3,30,30,30,30,30.4,33.4,34,32.4,30,30,30,30,30,30,30,30
1697352824.05,0.12,0,0,1,0,158,5.1,5.1,6.6,472.5,582.4,390.2,40.2,44.5,43.4,41.3,30,30,30,30,30.2,34.2,34,33.2,30,30,30,30,30,30,30,30
1697352824.15,0.11,0,0,1,0,157,3,3,6.6,455.9,582.4,390.2,39.3,47.3,43.4,41.3,30,30,30,30,30.2,34.2,34,33.2,30,30,30,30,30,30,30,30
1697352824.25,0.11,0,0,1,0,157,3.3,3.3,6.6,445.1,582.4,390.2,38.2,47.9,43.4,41.3,35.6,32,41,42.2,31.4,34.4,34.4,33.4,30,30,30,30,30,30,30,30
1697352824.35,0.11,0,0,1,0,157,3.3,3.3,6.6,445.1,582.4,390.2,38.2,47.9,43.4,41.3,35.6,32,41,42.2,31.4,34.4,34.4,33.4,30,30,30,30,30,30,30,30
1697352824.45,0.11,0,0,1,0,156,3,3,6.6,427.4,582.4,390.2,37.5,48.4,43.4,41.3,35.4,31.2,40.6,41,33.2,34.2,35,32.6,30,30,30,30,30,30,30,30
1697352824.55,0.1,0,0,1,0,156,0.9,0.9,6.6,424.8,582.4,390.2,38.9,48.1,43.4,41.3,35.4,31.2,40.6,41,33.2,34.2,35,32.6,30,30,30,30,30,30,30,30
1697352824.65,0.1,0,0,1,0,155,1.5,1.5,6.6,427.8,582.4,390.2,39.7,47.3,43.4,41.3,35.4,31.2,40.6,41,33.2,34.2,35,32.6,30,30,30,30,30,30,30,30
1697352824.75,0.1,0,0,1,0,154,3.6,3.6,6.6,428.4,582.4,390.2,40.5,45.4,43.4,41.3,35.4,31.8,40.2,41.2,33.8,34.4,35.4,33.2,30,30,30,30,30,30,30,30
1697352824.85,0.1,0,0,1,0,154,3.6,3.6,6.6,428.4,582.4,390.2,40.5,45.4,43.4,41.3,35.4,31.8,40.2,41.2,33.8,34.4,35.4,33.2,30,30,30,30,30,30,30,30
1697352824.95,0.11,0,0,1,0,131,5.1,5.1,6.6,433.2,582.4,390.2,46.8,41.1,43.4,41.3,35.4,31.2,40.4,41.2,33,34.6,35.6,34.4,30,30,30,30,30,30,30,30
1697352825.05,0.1,0,0,1,0,131,0.3,0.3,6.6,427.3,582.4,390.2,48.4,39.5,43.4,41.3,35.4,31.2,40.4,41.2,33,34.6,35.6,34.4,30,30,30,30,30,30,30,30
1697352825.15,0.1,0,0,1,0,130,3.6,3.6,6.6,415.5,582.4,390.2,48.5,40.2,43.4,41.3,35.4,31.2,40.4,41.2,33,34.6,35.6,34.4,30,30,30,30,30,30,30,30
1697352825.25,0.11,0,0,1,0,130,3.3,3.3,6.6,404.6,582.4,390.2,48.4,40.6,43.4,41.3,30,30,30,30,31.6,34.2,35.2,34.4,30,30,30,30,30,30,30,30
1697352825.35,0.11,0,0,1,0,130,3.3,3.3,6.6,404.6,582.4,390.2,48.4,40.6,43.4,41.3,30,30,30,30,31.6,34.2,35.2,34.4,30,30,30,30,30,30,30,30
1697352825.45,0.1,0,0,1,0,131,1.8,1.8,6.6,384.1,582.4,390.2,48.2,40.8,43.4,41.3,30,30,30,30,30.4,33.4,35.2,34.2,30,30,30,30,30,30,30,30
1697352825.55,0.09,0.09,0.08,1,1,132,0.6,0.6,6.6,378.2,582.4,390.2,47.9,40.9,43.4,41.3,30,30,30,30,30.4,33.4,35.2,34.2,30,30,30,30,30,30,30,30
1697352825.65,0.07,0.28,0.28,0,1,132,0,0,6.6,372.5,582.4,390.2,47.6,41.3,43.4,41.3,36,31,39.8,41,30.4,33.4,35,34.4,30,30,30,30,30,30,30,30
1697352825.75,0.05,0.25,0.25,0,1,135,0.6,0.6,6.6,364.3,582.4,390.2,45.6,45.1,43.4,41.3,36,31,39.8,41,30.4,33.4,35,34.4,30,30,30,30,30,30,30,30
1697352825.85,0.05,0.25,0.25,0,1,135,0.6,0.6,6.6,364.3,582.4,390.2,45.6,45.1,43.4,41.3,36,31,39.8,41,30.4,33.4,35,34.4,30,30,30,30,30,30,30,30
1697352825.95,0.05,0.25,0.25,0,1,135,0.6,0.6,6.6,364.3,582.4,390.2,45.6,45.1,43.4,41.3,36,31,39.8,41,30.4,33.4,35,34.4,30,30,30,30,30,30,30,30
1697352826.05,0.05,0.25,0.25,0,1,135,0.6,0.6,6.6,364.3,582.4,390.2,45.6,45.1,43.4,41.3,36,31,39.8,41,30.4,33.4,35,34.4,30,30,30,30,30,30,30,30
1697352826.15,0.05,0.25,0.25,0,1,135,0.6,0.6,6.6,364.3,582.4,390.2,45.6,45.1,43.4,41.3,36,31,39.8,41,30.4,33.4,35,34.4,30,30,30,30,30,30,30,30
1697352826.25,0.05,0.25,0.25,0,1,135,0.6,0.6,6.6,364.3,582.4,390.2,45.6,45.1,43.4,41.3,36,31,39.8,41,30.4,33.4,35,34.4,30,30,30,30,30,30,30,30
1697352826.35,0.04,0.08,0.08,0,0,162,0.3,0.3,6.6,568.2,582.4,390.2,41.4,52,43.4,41.3,35.8,32.6,41.2,42.2,33.2,35.2,35.4,33.6,30,30,30,30,30,30,30,30
1697352826.45,0.05,0.06,0.07,0,0,162,0.3,0.3,6.6,358.6,582.4,390.2,40.1,51.7,43.4,41.3,36,32.4,41.2,42.2,34,35.4,35.4,33.4,30,30,30,30,30,30,30,30
1697352826.55,0.05,0.12,0.12,0,1,162,0.6,0.6,1.3,356.5,582.4,390.2,39.5,50.9,43.4,41.3,36,32.4,41.2,42.2,34,35.4,35.4,33.4,30,30,30,30,30,30,30,30
1697352826.65,0.05,0,0,0,0,162,0.3,0.3,1.3,364.6,582.4,390.2,40.3,48.8,43.4,41.3,36,32.4,41.2,42.2,34,35.4,35.4,33.4,30,30,30,30,30,30,30,30
1697352826.75,0.05,0,0,0,0,162,0.3,0.3,1.3,364.6,582.4,390.2,40.3,48.8,43.4,41.3,36,32.4,41.2,42.2,34,35.4,35.4,33.4,30,30,30,30,30,30,30,30
1697352826.85,0.04,0.02,0.02,0,0,138,0,0,1.3,375.9,582.4,390.2,44.7,44.8,43.4,41.3,37,33,41.2,42.2,34.4,34.8,35.2,33.6,30,30,30,30,30,30,30,30
1697352826.95,0.04,0.1,0.09,0,1,131,0.3,0.3,1.3,613.5,582.4,390.2,46.9,42.4,43.4,41.3,36.4,30.8,41.2,42,32.8,34.4,35.4,34.4,30,30,30,30,30,30,30,30
1697352827.05,0.04,0.1,0.09,0,1,124,0.3,0.3,1.3,387.9,582.4,390.2,49.5,42.4,43.4,41.3,36.4,30.8,41.2,42,32.8,34.4,35.4,34.4,30,30,30,30,30,30,30,30
1697352827.15,0.04,0.13,0.13,0,1,124,0.3,0.3,1.3,384,582.4,390.2,49.5,42,43.4,41.3,36.4,30.8,41.2,42,32.8,34.4,35.4,34.4,30,30,30,30,30,30,30,30
1697352827.25,0.04,0.13,0.13,0,1,124,0.3,0.3,1.3,384,582.4,390.2,49.5,42,43.4,41.3,36.4,30.8,41.2,42,32.8,34.4,35.4,34.4,30,30,30,30,30,30,30,30
1697352827.35,0.04,0.18,0.18,0,1,124,0,0,1.3,380.6,582.4,390.2,49.6,42.6,43.4,41.3,35,30,39,41.6,31,33.8,35.4,34,30,30,30,30,30,30,30,30
1697352827.45,0.04,0.2,0.19,0,1,124,0.6,0.6,1.3,379.8,582.4,390.2,48.6,41.6,43.4,41.3,34.4,30,38.4,41.4,30.2,33,35,34,30,30,30,30,30,30,30,30
1697352827.55,0.04,0.21,0.2,0,1,124,0.6,0.6,1.3,373.8,582.4,390.2,49.2,42.3,43.4,41.3,34.4,30,38.4,41.4,30.2,33,35,34,30,30,30,30,30,30,30,30
1697352827.65,0.04,0.21,0.2,0,1,124,0.6,0.6,1.3,373.8,582.4,390.2,49.2,42.3,43.4,41.3,34.4,30,38.4,41.4,30.2,33,35,34,30,30,30,30,30,30,30,30
1697352827.75,0.04,0.21,0.2,0,1,124,0.6,0.6,1.3,373.8,582.4,390.2,49.2,42.3,43.4,41.3,34.4,30,38.4,41.4,30.2,33,35,34,30,30,30,30,30,30,30,30
1697352827.85,0.03,0.29,0.3,0,1,158,0.9,0.9,1.3,342.2,582.4,390.2,42.7,49.8,43.4,41.3,34.4,30,38.4,41.4,30.2,33,35,34,30,30,30,30,30,30,30,30
1697352827.95,0.03,0.29,0.3,0,1,158,0.9,0.9,1.3,342.2,582.4,390.2,42.7,49.8,43.4,41.3,35.6,30.4,39.2,41.4,30,33.2,34.6,34.4,30,30,30,30,30,30,30,30
1697352828.05,0.04,0.1,0.11,0,1,161,0.6,0.6,1.3,343.9,582.4,390.2,40.9,50.4,43.4,41.3,35.8,32.6,40.4,41.4,32.4,34,34.4,33.6,30,30,30,30,30,30,30,30
1697352828.15,0.04,0.11,0.12,0,1,161,0.3,0.3,1.3,339.4,582.4,390.2,40.2,52.1,43.4,41.3,35.8,32.6,40.4,41.4,32.4,34,34.4,33.6,30,30,30,30,30,30,30,30
1697352828.25,0.04,0.11,0.12,0,1,161,0.3,0.3,1.3,339.4,582.4,390.2,40.2,52.1,43.4,41.3,35.8,32.6,40.4,41.4,32.4,34,34.4,33.6,30,30,30,30,30,30,30,30
1697352828.35,0.04,0.11,0.11,0,1,162,0.3,0.3,1.3,339.5,582.4,390.2,39.8,51.2,43.4,41.3,35.4,33,40.4,41.4,33.4,34,34.6,32.4,30,30,30,30,30,30,30,30
1697352828.45,0.03,0.15,0.15,0,1,162,0.3,0.3,1.3,944.1,582.4,390.2,40,50.9,43.4,41.3,35.4,33,40.4,41.4,33.4,34,34.6,32.4,30,30,30,30,30,30,30,30
1697352828.55,0.03,0.15,0.15,0,1,162,0.6,0.6,1.3,347.1,582.4,390.2,41.3,50.7,43.4,41.3,35.4,33,40.6,41.2,34.2,34,35.4,32,30,30,30,30,30,30,30,30
1697352828.65,0.04,0.24,0.23,0,1,160,0.9,0.9,1.3,361.3,582.4,390.2,41.4,48.2,43.4,41.3,35.4,33,40.6,41.2,34.2,34,35.4,32,30,30,30,30,30,30,30,30
1697352828.75,0.04,0.24,0.23,0,1,160,0.9,0.9,1.3,361.3,582.4,390.2,41.4,48.2,43.4,41.3,35.4,33,40.6,41.2,34.2,34,35.4,32,30,30,30,30,30,30,30,30
1697352828.85,0.04,0.24,0.23,0,1,160,0.9,0.9,1.3,361.3,582.4,390.2,41.4,48.2,43.4,41.3,35.4,33,40.6,41.2,34.2,34,35.4,32,30,30,30,30,30,30,30,30
1697352828.95,0.04,0.24,0.23,0,1,160,0.9,0.9,1.3,361.3,582.4,390.2,41.4,48.2,43.4,41.3,35.4,33,40.6,41.2,34.2,34,35.4,32,30,30,30,30,30,30,30,30
1697352829.05,0.04,0.36,0.36,0,1,133,0.3,0.3,1.3,393,582.4,390.2,49.4,44.2,43.4,41.3,35.4,30.4,40.4,40.4,31.6,34.4,35.2,34.4,30,30,30,30,30,30,30,30
1697352829.15,0.04,0.33,0.33,0,1,133,0.3,0.3,1.3,400.3,582.4,390.2,49.4,43.8,43.4,41.3,35.4,30.4,40.4,40.4,31.6,34.4,35.2,34.4,30,30,30,30,30,30,30,30
1697352829.25,0.04,0.31,0.3,0,1,133,0,0,1.3,404.4,582.4,390.2,49.7,42.6,43.4,41.3,35.4,30,39.6,40.4,31.2,33,34.4,33.2,30,30,30,30,30,30,30,30
1697352829.35,0.04,0.29,0.28,0,1,134,0.3,0.3,1.3,402.7,582.4,390.2,49.9,43.3,43.4,41.3,35.4,30,39.6,40.4,31.2,33,34.4,33.2,30,30,30,30,30,30,30,30
1697352829.45,0.04,0.29,0.28,0,1,134,0.3,0.3,1.3,402.7,582.4,390.2,49.9,43.3,43.4,41.3,35.4,30,39.6,40.4,31.2,33,34.4,33.2,30,30,30,30,30,30,30,30
1697352829.55,0.04,0.28,0.28,0,1,134,0.9,0.9,1.3,406.9,582.4,390.2,48.4,42.9,43.4,41.3,35.4,30,39.2,40.6,31.2,32.8,34.4,33.4,30,30,30,30,30,30,30,30
1697352829.65,0.04,0.25,0.25,0,1,134,0.3,0.3,1.3,400.7,582.4,390.2,48.4,44.8,43.4,41.3,35.4,30.4,40.2,41,31,33.4,34.6,33,30,30,30,30,30,30,30,30
1697352829.75,0.03,0.21,0.21,0,1,134,0.6,0.6,1.3,394.8,582.4,390.2,45.5,45.4,43.4,41.3,35.4,30.4,40.2,41,31,33.4,34.6,33,30,30,30,30,30,30,30,30
1697352829.85,0.04,0.23,0.23,0,1,134,0.3,0.3,1.3,395.3,582.4,390.2,45.5,44.2,43.4,41.3,35.4,30.4,40.2,41,31,33.4,34.6,33,30,30,30,30,30,30,30,30
1697352829.95,0.04,0.23,0.23,0,1,134,0.3,0.3,1.3,395.3,582.4,390.2,45.5,44.2,43.4,41.3,35.4,30.4,40.2,41,31,33.4,34.6,33,30,30,30,30,30,30,30,30
1697352830.05,0.04,0.23,0.23,0,1,134,0.3,0.3,1.3,395.3,582.4,390.2,45.5,44.2,43.4,41.3,35.4,30.4,40.2,41,31,33.4,34.6,33,30,30,30,30,30,30,30,30
1697352830.15,0.04,0.22,0.22,0,1,134,0.6,0.6,1.3,394,582.4,390.2,44.3,45.4,43.4,41.3,36,31.8,40.6,41.2,31.6,33.6,34.8,33.4,30,30,30,30,30,30,30,30
1697352830.25,0.04,0.2,0.2,0,1,134,0.3,0.3,1.3,617.9,582.4,390.2,42.9,46.3,43.4,41.3,36,33.2,40.8,41.4,31,34,34.8,34.4,30,30,30,30,30,30,30,30
1697352830.35,0.03,0.16,0.16,0,1,134,0.6,0.6,1.3,396.4,582.4,390.2,42.9,46.7,43.4,41.3,36,33.2,40.8,41.4,31,34,34.8,34.4,30,30,30,30,30,30,30,30
1697352830.45,0.04,0.16,0.16,0,1,134,0.6,0.6,1.3,397.4,582.4,390.2,42.9,46.2,43.4,41.3,36,33.2,40.8,41.4,31,34,34.8,34.4,30,30,30,30,30,30,30,30
1697352830.55,0.04,0.16,0.16,0,1,134,0.6,0.6,1.3,397.4,582.4,390.2,42.9,46.2,43.4,41.3,36,33.2,40.8,41.4,31,34,34.8,34.4,30,30,30,30,30,30,30,30
1697352830.65,0.04,0.14,0.14,0,1,134,0.6,0.6,1.3,392.9,582.4,390.2,42.6,46.3,43.4,41.3,36.2,33.4,41,41.4,32.2,34,35,34.2,30,30,30,30,30,30,30,30
1697352830.75,0.04,0.15,0.14,0,1,134,0.6,0.6,1.3,395.5,582.4,390.2,43.3,45.4,43.4,41.3,36,33.4,40.6,41.4,32.4,34.2,34.8,33.8,30,30,30,30,30,30,30,30
1697352830.85,0.04,0.14,0.14,0,1,134,0.6,0.6,1.3,391.6,582.4,390.2,43.1,45,43.4,41.3,36,33.4,40.6,41.4,32.4,34.2,34.8,33.8,30,30,30,30,30,30,30,30
1697352830.95,0.04,0.14,0.14,0,1,134,0.6,0.6,1.3,393.5,582.4,390.2,43,45.3,43.4,41.3,36,33.4,40.6,41,32.2,33.6,34.6,33.4,30,30,30,30,30,30,30,30
1697352831.05,0.04,0.14,0.14,0,1,134,0.6,0.6,1.3,393.5,582.4,390.2,43,45.3,43.4,41.3,36,33.4,40.6,41,32.2,33.6,34.6,33.4,30,30,30,30,30,30,30,30
1697352831.15,0.04,0.14,0.14,0,1,136,0.3,0.3,1.3,383.8,582.4,390.2,42.4,46.9,43.4,41.3,36,33.4,40.6,41,32.2,33.6,34.6,33.4,30,30,30,30,30,30,30,30
1697352831.25,0.03,0.14,0.14,0,1,136,0.6,0.6,1.3,385,582.4,390.2,42.2,47.3,43.4,41.3,35.8,33.6,40.6,41.2,31.6,34,34.6,33.4,30,30,30,30,30,30,30,30
1697352831.35,0.03,0.13,0.13,0,1,136,0.6,0.6,1.3,388.2,582.4,390.2,42.8,47,43.4,41.3,35.8,33.6,40.6,41.2,31.6,34,34.6,33.4,30,30,30,30,30,30,30,30
1697352831.45,0.04,0.14,0.14,0,1,136,0.3,0.3,1.3,388.3,582.4,390.2,42.8,46.6,43.4,41.3,36,33.2,40.4,41,32,34.4,35,32.8,30,30,30,30,30,30,30,30
1697352831.55,0.04,0.14,0.14,0,1,136,0.3,0.3,1.3,388.3,582.4,390.2,42.8,46.6,43.4,41.3,36,33.2,40.4,41,32,34.4,35,32.8,30,30,30,30,30,30,30,30
1697352831.65,0.05,0.14,0.14,0,1,136,0.3,0.3,1.3,388.2,582.4,390.2,42.8,46.4,43.4,41.3,35.6,33,40.4,40.8,32.2,34,35,33.2,30,30,30,30,30,30,30,30
1697352831.75,0.04,0.16,0.16,0,1,136,0.3,0.3,1.3,388.6,582.4,390.2,42.6,46.1,43.4,41.3,35.6,33,40.4,40.8,32.2,34,35,33.2,30,30,30,30,30,30,30,30
1697352831.85,0.05,0.16,0.16,0,1,136,0.6,0.6,1.3,387.5,582.4,390.2,42.4,46.3,43.4,41.3,35.6,33,40.4,40.8,32.2,34,35,33.2,30,30,30,30,30,30,30,30
1697352831.95,0.05,0.16,0.16,0,1,136,0.6,0.6,1.3,387.5,582.4,390.2,42.4,46.3,43.4,41.3,35.6,33,40.4,40.8,32.2,34,35,33.2,30,30,30,30,30,30,30,30
1697352832.05,0.04,0.15,0.14,0,1,136,0.6,0.6,1.3,386.9,582.4,390.2,42.7,46.4,43.4,41.3,35.4,32,40.4,40.6,31.2,33.4,34.6,33.4,30,30,30,30,30,30,30,30
1697352832.15,0.04,0.15,0.14,0,1,136,0.6,0.6,1.3,386.9,582.4,390.2,42.7,46.4,43.4,41.3,35.4,32,40.4,40.6,31.2,33.4,34.6,33.4,30,30,30,30,30,30,30,30
1697352832.25,0.06,0.1,0.1,0,1,135,1.2,1.2,1.3,389.3,582.4,390.2,43.5,45.3,43.4,41.3,35.2,32.2,40.4,40.4,30.4,33.8,34.4,33.4,30,30,30,30,30,30,30,30
1697352832.35,0.1,0,0,1,0,135,6,6,1.3,387.6,582.4,390.2,43.4,44.7,43.4,41.3,35.2,32.2,40.4,40.4,30.4,33.8,34.4,33.4,30,30,30,30,30,30,30,30
1697352832.45,0.11,0,0,1,0,135,6.9,6.9,1.3,374.6,582.4,390.2,42.8,43.9,43.4,41.3,35.2,32.2,40.4,40.4,30.4,33.8,34.4,33.4,30,30,30,30,30,30,30,30
1697352832.55,0.12,0,0,1,0,135,10.5,10.5,1.3,359.3,582.4,390.2,42.4,44.2,43.4,41.3,34.6,32.2,40,39.8,30.6,34,34.8,33.4,30,30,30,30,30,30,30,30
1697352832.65,0.12,0,0,1,0,135,10.5,10.5,1.3,359.3,582.4,390.2,42.4,44.2,43.4,41.3,34.6,32.2,40,39.8,30.6,34,34.8,33.4,30,30,30,30,30,30,30,30
1697352832.75,0.12,0,0,1,0,137,9.9,9.9,1.3,324.6,582.4,390.2,39.9,44.3,43.4,41.3,35,31.8,40,40.2,31.4,34.2,34.8,33,30,30,30,30,30,30,30,30
1697352832.85,0.12,0,0,1,0,138,9.6,9.6,1.3,312.2,582.4,390.2,39.6,45,43.4,41.3,35,31.8,40,40.2,31.4,34.2,34.8,33,30,30,30,30,30,30,30,30
1697352832.95,0.12,0,0,1,0,138,9.6,9.6,1.3,296.9,582.4,390.2,39.2,44.5,43.4,41.3,34.8,32.2,40,40.4,31.6,34.8,34.4,33.2,30,30,30,30,30,30,30,30
1697352833.05,0.12,0,0,1,0,138,9.6,9.6,1.3,285.2,582.4,390.2,39.8,44.4,43.4,41.3,34.8,32.2,40,40.4,31.6,34.8,34.4,33.2,30,30,30,30,30,30,30,30
1697352833.15,0.12,0,0,1,0,138,9.6,9.6,1.3,285.2,582.4,390.2,39.8,44.4,43.4,41.3,34.8,32.2,40,40.4,31.6,34.8,34.4,33.2,30,30,30,30,30,30,30,30
1697352833.25,0.12,0,0,1,0,138,7.8,7.8,1.3,263.8,582.4,390.2,40,43.7,43.4,41.3,35.2,32.4,40,40.4,31.8,34.8,34,33.4,30,30,30,30,30,30,30,30
1697352833.35,0.11,0,0,1,0,138,5.4,5.4,1.3,256.5,582.4,390.2,40.2,43.5,43.4,41.3,35.2,32.4,40,40.4,31.8,34.8,34,33.4,30,30,30,30,30,30,30,30
1697352833.45,0.11,0,0,1,0,138,6,6,1.3,244.3,582.4,390.2,40.8,43.8,43.4,41.3,35.8,32,40,40.4,31.8,34.4,35,34,30,30,30,30,30,30,30,30
1697352833.55,0.11,0,0,1,0,135,7.2,7.2,1.3,242.8,582.4,390.2,41.5,42.4,43.4,41.3,35.8,32,40,40.4,31.8,34.4,35,34,30,30,30,30,30,30,30,30
1697352833.65,0.11,0,0,1,0,135,7.2,7.2,1.3,242.8,582.4,390.2,41.5,42.4,43.4,41.3,35.8,32,40,40.4,31.8,34.4,35,34,30,30,30,30,30,30,30,30
1697352833.75,0.1,0,0,1,0,110,8.7,8.7,1.3,227.9,582.4,390.2,42.5,41.1,43.4,41.3,36,30,40.2,40.2,31.2,33.6,35.2,34,30,30,30,30,30,30,30,30
1697352833.85,0.12,0,0,1,0,101,7.2,7.2,1.3,214.5,582.4,390.2,43.1,41.5,43.4,41.3,36,30,40.2,40.2,31.2,33.6,35.2,34,30,30,30,30,30,30,30,30
1697352833.95,0.11,0,0,1,0,94,4.2,4.2,1.3,206.5,582.4,390.2,44.4,41.4,43.4,41.3,35.4,30,34.4,40.4,30.2,32.6,35.2,34.4,30,30,30,30,30,30,30,30
1697352834.05,0.1,0,0,1,0,91,2.1,2.1,1.3,196.8,582.4,390.2,45,42.5,43.4,41.3,35.4,30,34.4,40.4,30.2,32.6,35.2,34.4,30,30,30,30,30,30,30,30
1697352834.15,0.1,0,0,1,0,91,2.1,2.1,1.3,196.8,582.4,390.2,45,42.5,43.4,41.3,35.4,30,34.4,40.4,30.2,32.6,35.2,34.4,30,30,30,30,30,30,30,30
1697352834.25,0.1,0,0,1,0,91,2.1,2.1,1.3,196.8,582.4,390.2,45,42.5,43.4,41.3,35.4,30,34.4,40.4,30.2,32.6,35.2,34.4,30,30,30,30,30,30,30,30
1697352834.35,0.08,0.2,0.2,1,1,85,1.5,1.5,1.3,188.8,582.4,390.2,44.7,43.8,43.4,41.3,35.2,30,31.2,39,30.4,31.2,34.4,34,30,30,30,30,30,30,30,30
1697352834.45,0.07,0.4,0.4,0,1,81,0.9,0.9,1.3,191.6,582.4,390.2,46.6,44.4,43.4,41.3,35.2,30,31.2,39,30.4,31.2,34.4,34,30,30,30,30,30,30,30,30
